"indicator","variable","r2_alone","income","region","other","total","n"
"satisfied_mean","freedom",0.63084609471396,0.093407999057648,0.258936847894396,0.401921278982513,0.754266125934556,296
"satisfied_mean","god",0.00138768870289272,0.144913526925481,0.399925530191776,0.0179985223002623,0.56283757941752,291
"satisfied_mean","homosexuality",0.21200008881483,0.0995525709010845,0.376191087200352,0.0957430972300026,0.571486755331439,289
"satisfied_mean","democracy",0.0543234989725094,0.107561262515518,0.398089326898987,0.00172423295315706,0.507374822367662,178
"satisfied_mean","growth",0.0166473122804152,0.137254406300716,0.405523977283764,0.0153002755604529,0.558078659144933,296
"happiness_mean","freedom",0.397874231445049,0.015831593669097,0.246423075162965,0.26097314800844,0.523227816840502,295
"happiness_mean","god",0.0231811065879044,0.040717107065934,0.347771267674342,0.0408334763704552,0.429321851110731,292
"happiness_mean","homosexuality",0.0788367810942859,0.0189054435432549,0.367343330045447,0.0632491882373727,0.449497961826075,288
"happiness_mean","democracy",0.0209140746284352,0.0168583135354554,0.315024353416332,-0.0442709887146595,0.287611678237128,178
"happiness_mean","growth",0.0119520503368171,0.0276910969515759,0.346362013591406,-0.00149739348983597,0.372555717053145,296
