"code","mean_gallup_0","mean_gallup_1","mean_wvs_0","mean_wvs_1","mean_0_10_gallup_0","mean_0_10_gallup_1","mean_0_10_wvs_0","mean_0_10_wvs_1","satisfied_gallup_0","satisfied_gallup_1","satisfied_wvs_0","satisfied_wvs_1","mean_ladder","mean_satisfaction","mean_all","wvs_mean","wvs_satisfied","gallup_mean","gallup_satisfied","gap","question","residual","wording_0_10","scale_wvs","gap_sat","question_sat","residual_sat","sample_gallup","sample_wvs","log_gdp_past","log_gdp_2025","year_wvs","year_gallup","wvs_mode","country"
"POL",5.53253480965127,5.61659651451923,5.89883807452525,6.36793329802454,5.53253480965127,5.12955168279914,5.89883807452525,5.96437033113838,0.529907678387808,0.516076572590235,0.643441415242381,0.697613053863123,5.33104324622521,5.93160420283182,5.63132372452851,7.56168404453187,0.831359803809825,6.28426395939086,0.682233502538071,1.27742008514101,0.835398488373269,0.442021596767741,-0.366303264873984,-0.469095223499285,0.149126301271754,0.167705375475314,-0.0185790742035605,0.751729149739593,1.19375074650733,4.53598488064212,4.67140047549422,2017,2017,"EVS: CAPI","Poland"
"ESP",5.60804771430464,6.1116205208157,6.95562282274583,6.98653692957961,5.60804771430464,5.67957835646189,6.95562282274583,6.6517076995329,0.554956747836114,0.668714723632989,0.809331708258163,0.82305517557697,5.64381303538326,6.80366526113936,6.22373914826131,7.49206018958506,0.891025024237521,6.46993987975952,0.732464929859719,1.02212030982554,1.37848921527497,-0.35636890544943,-1.34757510844119,-0.0309141068337757,0.158560094377802,0.268098427740856,-0.109538333363054,0.86189216545488,0.50552326000545,4.65749806139673,4.693006385826,2017,2017,"EVS: CAPI","Spain"
"JPN",5.32857501606779,5.44195676949974,5.0581058126489,4.9986035076768,5.32857501606779,4.93550752166637,5.0581058126489,4.44289278630755,0.494497093169331,0.506520775906682,0.469327220706704,0.432072784467663,5.13204126886708,4.75049929947823,4.94127028417265,6.7593984962406,0.756390977443609,5.94400785854617,0.546168958742633,0.815390637694432,-0.32997150839099,1.14536214608542,0.270469203418884,0.0595023049721064,0.210222018700976,-0.0624243087016682,0.272646327402645,0.615432842478381,1.7607949885638,4.66328008584392,4.68379759617677,2019,2019,"WVS: Mail","Japan"
"ITA",5.98687142811684,6.14048241009224,6.64384127205342,6.58977194557209,5.98687142811684,5.71164712232471,6.64384127205342,6.21085771730232,0.669759146507857,0.636776164765609,0.792203250954953,0.748276869477228,5.84925927522078,6.42734949467787,6.13830438494932,7.27759440664871,0.863795888757052,6.68568568568569,0.80980980980981,0.591908720963021,0.602900517455247,-0.0109917964922257,-0.656969843936576,0.0540693264813292,0.0539860789472422,0.0785177229693718,-0.0245316440221296,0.698814257568845,0.687822461076619,4.69333885733619,4.72921404170447,2018,2018,"EVS: CAPI","Italy"
"DEU",6.00613699875239,6.50796561988523,6.7300613590774,6.83826654312326,6.00613699875239,6.11996179987248,6.7300613590774,6.48696282569252,0.624198987733163,0.744390183008499,0.742454331409107,0.73299632166529,6.06304939931244,6.60851209238496,6.3357807458487,7.73736047275115,0.886408404464872,7.15315315315315,0.830830830830831,0.584207319597995,0.832129544370869,-0.247922224772874,-0.723924360325002,-0.108205184045867,0.055577573634041,0.108797333932127,-0.0532197602980856,1.14701615440076,0.899093929627885,4.79574879470638,4.79812401981499,2018,2018,"WVS: CAPI","Germany"
"GBR",5.67020402018827,6.34342933270903,6.51493329684874,6.77420277738897,5.67020402018827,5.93714370301003,6.51493329684874,6.41578086376553,0.602982278597203,0.711453771719876,0.749815121527167,0.758454680355596,5.80367386159915,6.46535708030713,6.13451547095314,7.31727062451812,0.83307632999229,6.762,0.771,0.555270624518119,1.10399875720071,-0.548728132682587,-0.844729276660472,-0.259269480540234,0.0620763299922898,0.155472401758393,-0.0933960717661036,1.09179597981173,0.543067847129144,4.73223101295636,4.73233840193091,2022,2022,"WVS: CAPI/Web/Mail","United Kingdom"
"FRA",5.95897369765915,6.38003606493545,6.67581710474359,6.67655822947709,5.95897369765915,5.97781784992828,6.67581710474359,6.30728692164122,0.618560195569752,0.698704859775287,0.788195179214767,0.767790487739937,5.96839577379371,6.4915520131924,6.22997389349306,7.26401541498594,0.814419594193289,6.79379379379379,0.774774774774775,0.470221621192142,0.717584531817945,-0.247362910625803,-0.71684340708444,-0.000741124733504961,0.0396448194185143,0.149230292170184,-0.10958547275167,0.834820096134645,0.587457185508842,4.7206632361189,4.74134497255803,2018,2018,"EVS: CAPI","France"
"CHE",6.8542845592817,6.6952480891111,6.89913556932002,7.31430618431574,6.8542845592817,6.32805343234567,6.89913556932002,7.01589576035083,0.80867629529352,0.742139987984588,0.802893993548636,0.865599717920042,6.59116899581368,6.95751566483542,6.77434233032455,8.01844916308653,0.904120292276939,7.584,0.878,0.434449163086526,0.460021625034049,-0.0255724619475224,-0.0448510100383288,-0.41517061499572,0.0261202922769391,0.0569234226265223,-0.0308031303495832,0.729715440718304,0.704142978770782,4.89945794924526,4.93314351126948,2017,2017,"EVS: Web/Mail/CAPI","Switzerland"
"SAU",6.31228097795156,6.17130020900977,6.96309801982476,7.10418664211334,6.31228097795156,5.74588912112197,6.96309801982476,6.78242960234816,0.631321860314053,0.619515264395482,0.751176271584881,0.711815460584621,6.02908504953677,6.87276381108646,6.45092443031161,7.28179384203481,0.773092369477912,7.05533199195171,0.817907444668008,0.226461850083096,0.791905664161777,-0.565443814078681,-0.650817041873196,-0.141088622288581,-0.0448150751900963,0.0804936002705683,-0.125308675460665,0.743051014000146,0.177607199921465,4.71795868306712,4.79969230079752,2003,2006,"WVS: Face-to-face","Saudi Arabia"
"USA",6.0339617800062,5.92572184814615,6.48707760616121,6.73675334944419,6.0339617800062,5.47302427571794,6.48707760616121,6.37417038827132,0.623333666966876,0.596845177233702,0.696734553606332,0.700493805054984,5.75349302786207,6.43062399721626,6.09205851253917,7.22222222222222,0.814169570267131,7.23069306930693,0.837623762376238,-0.00847084708470813,0.70279156943799,-0.711262416522699,-0.453115826155016,-0.249675743282975,-0.0234541921091064,0.0771601380881086,-0.100614330197215,1.19673128930073,0.485468872778036,4.82062196302901,4.88610313169047,2017,2017,"WVS: Web/Phone","United States"
