"indicator","wave","country","region"
"happy","1","Australia 1981","Western"
"very_happy","1","Australia 1981","Western"
"very_unhappy","1","Australia 1981","Western"
"very_happy_minus_very_unhappy","1","Australia 1981","Western"
"happiness_mean","1","Australia 1981","Western"
"satisfied_mean","1","Mexico 1981","Latin America"
"satisfied","1","Finland 1981","Western"
"happiness_layard","1","Finland 1981","Western"
"happy","2","Switzerland 1989","Western"
"very_happy","2","Nigeria 1990","Africa"
"very_unhappy","2","Switzerland 1989","Western"
"very_happy_minus_very_unhappy","2","Switzerland 1989","Western"
"happiness_mean","2","Switzerland 1989","Western"
"satisfied_mean","2","Switzerland 1989","Western"
"satisfied","2","Switzerland 1989","Western"
"happiness_layard","2","Switzerland 1989","Western"
"happy","3","Switzerland 1996","Western"
"very_happy","3","El Salvador 1999","Latin America"
"very_unhappy","3","Switzerland 1996","Western"
"very_happy_minus_very_unhappy","3","El Salvador 1999","Latin America"
"happiness_mean","3","Venezuela 1996","Latin America"
"satisfied_mean","3","Colombia 1998","Latin America"
"satisfied","3","Colombia 1998","Latin America"
"happiness_layard","3","Switzerland 1996","Western"
"happy","4","Canada 2000","Western"
"very_happy","4","Nigeria 2000","Africa"
"very_unhappy","4","Indonesia 2001","Asia"
"very_happy_minus_very_unhappy","4","Nigeria 2000","Africa"
"happiness_mean","4","Nigeria 2000","Africa"
"satisfied_mean","4","Puerto Rico 2001","Latin America"
"satisfied","4","Puerto Rico 2001","Latin America"
"happiness_layard","4","Puerto Rico 2001","Latin America"
"happy","5","New Zealand 2004","Western"
"very_happy","5","Mexico 2005","Latin America"
"very_unhappy","5","Zambia 2007","Africa"
"very_happy_minus_very_unhappy","5","Mexico 2005","Latin America"
"happiness_mean","5","Mexico 2005","Latin America"
"satisfied_mean","5","Colombia 2005","Latin America"
"satisfied","5","Netherlands 2006","Western"
"happiness_layard","5","Norway 2007","Western"
"happy","6","Qatar 2010","Asia"
"very_happy","6","Mexico 2012","Latin America"
"very_unhappy","6","Malaysia 2012","Asia"
"very_happy_minus_very_unhappy","6","Mexico 2012","Latin America"
"happiness_mean","6","Mexico 2012","Latin America"
"satisfied_mean","6","Mexico 2012","Latin America"
"satisfied","6","Netherlands 2012","Western"
"happiness_layard","6","Netherlands 2012","Western"
"happy","7","Vietnam 2020","Asia"
"very_happy","7","Kyrgyzstan 2020","Asia"
"very_unhappy","7","Uzbekistan 2022","Asia"
"very_happy_minus_very_unhappy","7","Kyrgyzstan 2020","Asia"
"happiness_mean","7","Kyrgyzstan 2020","Asia"
"satisfied_mean","7","Puerto Rico 2018","Latin America"
"satisfied","7","Netherlands 2017","Western"
"happiness_layard","7","Vietnam 2020","Asia"
"happy","all","Qatar 2010","Asia"
"very_happy","all","Kyrgyzstan 2020","Asia"
"very_unhappy","all","Malaysia 2012","Asia"
"very_happy_minus_very_unhappy","all","Kyrgyzstan 2020","Asia"
"happiness_mean","all","Kyrgyzstan 2020","Asia"
"satisfied_mean","all","Mexico 2012","Latin America"
"satisfied","all","Finland 1981","Western"
"happiness_layard","all","Vietnam 2020","Asia"
