"spec","n","n_countries","r2_income_ppp","r2_income_best","r2_region","share_ppp","share_best","share_adj","region_better"
"wvs",302,108,0.121873810986718,0.186079084791375,0.374333276872331,0.177916165844626,0.275700127098133,0.223825705235346,1
"wvs_waves12",26,21,0.0737420148892084,0.425695167629179,0.575409970568089,0.0929613964240919,0.398137349637704,0.10342288075102,1
"wvs_wave3",55,55,0.157116009227928,0.332095373976166,0.654917287014917,0.140162796245154,0.276993462796899,0.178698878220239,1
"wvs_wave4",40,40,0.189489523129121,0.314506125762925,0.334659175134319,0.274131955096744,0.471366358515033,0.467178811595237,0.428571428571429
"wvs_wave5",58,58,0.208102649470439,0.352756239938676,0.491834568663503,0.217216142421509,0.378730127072304,0.225320411348206,0.982142857142857
"wvs_wave6",60,60,0.0791988149828151,0.217650026435029,0.274957888137352,0.137439580929875,0.413005454264389,0.190284204237448,0.964285714285714
"wvs_wave7",64,64,0.0749401767714077,0.12758633260419,0.263461562939034,0.196391012048689,0.308875294484417,0.138672360602073,1
"wvs_wave7_no_pandemic",45,45,0.0567197784179347,0.218950157728301,0.305077870329849,0.136065254792879,0.411928862876467,0.139051033294705,0.946428571428571
"wvs_weighted",302,108,0.101164098800443,0.194872926029704,0.228645092427377,0.242242759599142,0.440879222109111,0.325123511824798,0.839285714285714
"wvs_last",108,108,0.100359570689146,0.182830889088752,0.328130174600723,0.176078356937693,0.318230359582466,0.214006556331085,0.964285714285714
"wvs_no_imputation",283,104,0.116068292083068,0.189068486022262,0.375407369215348,0.168943328421806,0.280772559800248,0.214485267856093,1
"wvs_gdp_2017_vintage",302,108,0.128318367487508,0.186079084791375,0.374333276872331,0.187793802171042,0.275700127098133,0.221025321852694,1
"wvs_no_latam_ee",185,68,0.161871040234248,0.265297414096147,0.184584470509433,0.340277349393201,0.683642407964884,0.535958441132289,0.267857142857143
"wvs_region6",302,108,0.121873810986718,0.186079084791375,0.350021003176156,0.178397780073553,0.27779624571483,0.22405349590849,1
"wvs_region_wb",302,108,0.121873810986718,0.186079084791375,0.21793017995167,0.309645655697525,0.432400022095055,0.383342874996157,0.642857142857143
"wvs_region_continent",302,108,0.121873810986718,0.186079084791375,0.201156162832746,0.338042299489708,0.459681355224251,0.4075730912123,0.535714285714286
"wvs_region_un_sub",302,108,0.121873810986718,0.186079084791375,0.398910539726686,0.204742602810417,0.289123152671771,0.252680914100328,1
"gallup",2344,167,0.424594751721966,0.482962310039133,0.416349830275574,0.459505445596838,0.513465146276372,0.487083921982774,0.306122448979592
"gallup_last",167,167,0.416811457069041,0.441642931987397,0.40739477942875,0.436685422192102,0.476434829520392,0.450973533509831,0.36734693877551
"gallup_wvs_countries",105,105,0.432520816925574,0.45598395263724,0.41534032003286,0.46386417789816,0.492480506375334,0.466809785257935,0.36734693877551
"gallup_region6",167,167,0.416811457069041,0.441642931987397,0.416800910110592,0.42653839967209,0.464772528315493,0.440726230419352,0.408163265306122
"gallup_region_wb",167,167,0.416811457069041,0.441642931987397,0.378216758230872,0.466554378532514,0.498439292778904,0.482371618225721,0.285714285714286
"whr_2025",147,147,0.634402085973701,0.634019810126546,0.552498170883271,0.557285012029558,0.556521673743891,0.561278487150013,0
