"data","indicator","slope","se","p_value","r2","n"
"WVS","happy",0.108853253274098,0.0188602863779897,1.77775591185816e-08,0.143834632242819,340
"WVS","very_happy",0.00163028454282272,0.0247644421874711,0.947550763349246,2.09961399789275e-05,340
"WVS","very_unhappy",-0.0216544672952087,0.00429209023032547,7.41123711313951e-07,0.07174286871262,340
"WVS","very_happy_minus_very_unhappy",0.0232847518380316,0.0264248558809578,0.378852751829012,0.00351087463402441,340
"WVS","happiness_mean",0.26427601022426,0.0829270243061733,0.00157250092219978,0.0443332739388518,340
"WVS","satisfied_mean",1.14270813589062,0.142452226766578,1.7298721062302e-14,0.23339986317072,340
"WVS","satisfied",0.236023838999026,0.0238573689307456,1.95951284088135e-20,0.316272866956972,340
"WVS","happiness_layard",0.172604743764276,0.0195504902779106,5.94600689220319e-17,0.274835270542934,338
"Gallup","satisfied",0.371657931079555,0.0165952585337514,8.07693249931988e-101,0.654774382521835,2344
"Gallup","very_satisfied",0.218064602410187,0.0178107421818069,1.87581241523519e-33,0.442183599163396,2344
"Gallup","extremely_satisfied",0.0650272125952222,0.00857518921071645,4.82980439598448e-14,0.178306362743587,2344
"Gallup","completely_satisfied",0.0123150813553289,0.0046754041676549,0.00849374067744584,0.0151840479512905,2344
"Gallup","unsatisfied",-0.303604083918748,0.0118672882470266,1.64836993053388e-127,0.638775096851805,2344
"Gallup","dissatisfied",-0.134751040870907,0.00879306337437393,1.37090781597808e-50,0.431579539074739,2344
"Gallup","satisfied_mean",1.77859159768723,0.0833406677966904,1.73096517065807e-92,0.611360233747111,2344
