"country","code","year","wave","region","happy","very_happy","very_unhappy","very_happy_minus_very_unhappy","happiness_mean","satisfied_mean","satisfied","happiness_layard","low_satisfaction","gdp_ppp","gdp","pop","source_ppp","source_nominal"
"Albania","ALB",1998,3,"Eastern Europe",0.345398138572906,0.0320579110651499,0.112719751809721,-0.0806618407445708,-0.47052740434333,4.76535750251762,0.327291037260826,0.336344587916866,0.10171198388721,5387.54588745977,1630.43874131845,3128530,"wb","wb"
"Albania","ALB",2002,4,"Eastern Europe",0.59214501510574,0.0976837865055388,0.0996978851963746,-0.00201409869083585,0.180261832829809,5.16533066132265,0.412825651302605,0.502485333204173,0.260521042084168,7590.45852377781,2297.10853513924,3051010,"wb","wb"
"Albania","ALB",2018,7,"Eastern Europe",0.741432346907513,0.175070271778053,0.0453098923470895,0.129760379430964,0.742385452676954,7.19264331426914,0.729823051033091,0.735627698970302,0.120080545153207,16170.9234325287,4893.82375538717,2607733,"wb","wb"
"Andorra","AND",2005,5,"Western",0.928786359077232,0.284854563691073,0.0110330992978937,0.27382146439318,1.40521564694082,7.13559322033898,0.833499501495513,0.881142930286373,0.0498504486540379,65114.8053663021,40528.17486238,77421,"wb","wb"
"Andorra","AND",2018,7,"Western",0.950199203187251,0.342629482071713,0.00298804780876494,0.339641434262948,1.5796812749004,7.53792415169661,0.882235528942116,0.916217366064683,0.0459081836327345,63048.5985572834,39242.1448975099,75162,"wb","wb"
"Argentina","ARG",1984,1,"Latin America",0.785714285714286,0.171428571428571,0.0142857142857143,0.157142857142857,0.885714285714286,6.7700205338809,0.745379876796715,0.7655470812555,0.137577002053388,20149.5684446099,9614.44726215357,29863093,"growth","wb"
"Argentina","ARG",1991,2,"Latin America",0.775862068965517,0.329614604462475,0.0385395537525355,0.291075050709939,1.13387423935091,7.25302419354839,0.788306451612903,0.78208426028921,0.0705645161290323,18295.6091996812,8729.82318518892,33230294,"wb","wb"
"Argentina","ARG",1995,3,"Latin America",0.825842696629213,0.295880149812734,0.0215355805243446,0.27434456928839,1.20037453183521,6.92657992565056,0.718401486988848,0.77212209180903,0.122676579925651,20819.4999479903,9934.10776139515,35070020,"wb","wb"
"Argentina","ARG",1999,4,"Latin America",0.817322834645669,0.32755905511811,0.0244094488188976,0.303149606299213,1.24094488188976,7.29889589905363,0.787066246056782,0.802194540351226,0.101735015772871,22714.5111302701,10838.3199346387,36794682,"wb","wb"
"Argentina","ARG",2006,5,"Latin America",0.865927419354839,0.319556451612903,0.0181451612903226,0.301411290322581,1.33467741935484,7.70050251256281,0.867336683417085,0.866632051385962,0.057286432160804,24877.2493922296,11870.2791559298,39622115,"wb","wb"
"Argentina","ARG",2013,6,"Latin America",0.876349362119725,0.315996074582924,0.0117762512266928,0.304219823356232,1.36113837095191,7.47647058823529,0.88921568627451,0.882782524197118,0.0509803921568627,29227.6601818437,13946.0950832252,42582455,"wb","wb"
"Argentina","ARG",2017,7,"Latin America",0.890132248219736,0.309257375381485,0.0111902339776195,0.298067141403866,1.3763987792472,7.70189431704885,0.891326021934197,0.890729135076966,0.0458624127617149,28334.904184742,13520.1129846159,44288894,"wb","wb"
"Armenia","ARM",1997,3,"Eastern Europe",0.568170036288232,0.0627268014515293,0.0767236910316226,-0.0139968895800933,0.108346293416278,4.31825037707391,0.28657616892911,0.427373102608671,0.249371543489191,3879.17938009678,1039.0798243009,3246289,"wb","wb"
"Armenia","ARM",2011,6,"Eastern Europe",0.821428571428571,0.312271062271062,0.0512820512820513,0.260989010989011,1.16483516483516,5.22627737226277,0.408759124087591,0.615093847758081,0.259124087591241,10990.177099035,2943.83687119315,3027900,"wb","wb"
"Armenia","ARM",2018,7,"Eastern Europe",0.835212450455991,0.249393909027821,0.0215709562145391,0.227822952813282,1.12607080653855,6.38796472510365,0.700439976463282,0.767826213459637,0.126421365729809,15037.0452420712,4027.83393010979,2969000,"wb","wb"
"Armenia","ARM",2021,7,"Eastern Europe",0.884583676834295,0.469909315746084,0.0412201154163232,0.428689200329761,1.62654575432811,6.60655737704918,0.6,0.742291838417148,0.149180327868852,15921.705281964,4264.79961505187,2962300,"wb","wb"
"Australia","AUS",1981,1,"Western",0.954918032786885,0.354918032786885,0.00409836065573771,0.350819672131148,1.61147540983607,7.89477977161501,0.889885807504078,0.922401920145482,0.0415986949429038,30733.4725741997,31333.1633085396,14923260,"growth","wb"
"Australia","AUS",1995,3,"Western",0.944172380019589,0.433398628795299,0.0102840352595495,0.423114593535749,1.73457394711068,7.58263854830799,0.845022069641981,0.894597224830785,0.0671897989210397,38653.3366778657,39407.5647528439,18004882,"wb","wb"
"Australia","AUS",2005,5,"Western",0.924274593064402,0.363057324840764,0.00707714083510262,0.355980184005662,1.56050955414013,7.30425531914894,0.848936170212766,0.886605381638584,0.0737588652482269,49997.0664953941,50972.640519744,20176844,"wb","wb"
"Australia","AUS",2012,6,"Western",0.939890710382514,0.366803278688525,0.00341530054644809,0.363387978142077,1.60655737704918,7.38235294117647,0.820109439124487,0.8800000747535,0.0978112175102599,54403.8836902433,55465.4462872577,22733465,"wb","wb"
"Australia","AUS",2018,7,"Western",0.919667590027701,0.30803324099723,0.0105263157894737,0.297506925207756,1.43434903047091,7.52754590984975,0.862548692264886,0.891108141146293,0.0589872008903728,57647.8455068105,58772.7063152213,24963258,"wb","wb"
"Austria","AUT",2018,7,"Western",0.893267884023678,0.330613012765895,0.00731824035758969,0.323294772408306,1.43312531286397,7.87153114655517,0.879292440667369,0.886280162345524,0.0662307248959711,63777.9362157476,45951.5819164034,8840521,"wb","wb"
"Azerbaijan","AZE",1997,3,"Eastern Europe",0.781059063136456,0.112525458248473,0.0132382892057026,0.0992871690427699,0.760692464358452,5.39276617422313,0.412124299541518,0.596591681338987,0.199184921039226,4425.5882352872,1177.19685990232,7838250,"wb","wb"
"Azerbaijan","AZE",2011,6,"Eastern Europe",0.818363273453094,0.263473053892216,0.0239520958083832,0.239520958083832,1.11576846307385,6.74051896207585,0.740518962075848,0.779441117764471,0.130738522954092,19358.0778100345,5149.20665913206,9173082,"wb","wb"
"Azerbaijan","AZE",2018,7,"Eastern Europe",0.843642545669909,0.203326332023858,0.0187220318246052,0.184604300199253,1.05649369173832,6.36180050784984,0.676853162047485,0.760247853858697,0.108798406738345,19781.8509058437,5261.92938234432,9939771,"wb","wb"
"Burkina Faso","BFA",2007,5,"Africa",0.803020354563362,0.242941562705187,0.0400525279054498,0.202889034799737,1.0118187787262,5.57038025350234,0.456971314209473,0.629995834386417,0.152768512341561,1731.93046335077,519.26101218434,14816307,"wb","wb"
"Bangladesh","BGD",1996,3,"Asia",0.850559578670178,0.180381830151415,0.0171165240289664,0.163265306122449,1.02764976958525,6.4061456245825,0.629926519706079,0.740243049188128,0.104208416833667,2413.54298201505,552.077107138767,124862179,"wb","wb"
"Bangladesh","BGD",2002,4,"Asia",0.775033377837116,0.148197596795728,0.020694259012016,0.127503337783712,0.805073431241656,5.77755240027045,0.41920216362407,0.597117770730593,0.120351588911427,2866.43454328715,655.672139362272,138933658,"wb","wb"
"Bangladesh","BGD",2018,7,"Asia",0.906666666666667,0.266666666666667,0.00833333333333333,0.258333333333333,1.33,7.60416666666667,0.895833333333333,0.90125,0.0508333333333333,6392.59334024091,1462.25050255713,163523103,"wb","wb"
"Bulgaria","BGR",1997,3,"Eastern Europe",0.572666025024062,0.0923965351299326,0.0895091434071222,0.0028873917228104,0.151106833493744,4.66035950804163,0.333964049195837,0.453315037109949,0.200567644276254,12419.3797738056,3675.36877811444,8312068,"wb","wb"
"Bulgaria","BGR",2006,5,"Eastern Europe",0.573484069886948,0.10688591983556,0.0873586844809866,0.0195272353545735,0.186022610483042,5.22048066875653,0.434691745036573,0.50408790746176,0.251828631138976,19024.543813813,5630.08907245392,7601022,"wb","wb"
"Bulgaria","BGR",2017,7,"Eastern Europe",0.609638257971828,0.153942482216851,0.0886193314222252,0.0653231507946254,0.349922817532906,6.20423797603669,0.610684497453565,0.610161377712696,0.170821931755567,26691.758001902,7899.11056589871,6803468,"wb","wb"
"Bosnia and Herzegovina","BIH",1998,3,"Eastern Europe",0.75737152485257,0.141533277169334,0.0269587194608256,0.114574557708509,0.743892165122157,5.45788156797331,0.471226021684737,0.614298773268653,0.204336947456214,6899.29705850819,2262.03263639383,4089356,"wb","wb"
"Bosnia and Herzegovina","BIH",2001,4,"Eastern Europe",0.825210084033613,0.218487394957983,0.0235294117647059,0.194957983193277,1.04033613445378,5.76878130217028,0.512520868113522,0.668865476073568,0.157762938230384,7982.5188539099,2617.18230350812,4179438,"wb","wb"
"Bosnia and Herzegovina","BIH",2019,7,"Eastern Europe",0.871283563198128,0.29581166414877,0.0273948931125307,0.26841677103624,1.27940066846874,7.72163348774318,0.827259419219701,0.849271491208915,0.0812921306261107,17029.2971980343,5583.29721276458,3345533,"wb","wb"
"Belarus","BLR",1990,2,"Eastern Europe",0.459236326109391,0.063983488132095,0.0629514963880289,0.00103199174406605,-0.0794633642930857,5.518407960199,0.458706467661691,0.458971396885541,0.185074626865672,12351.6357110065,2888.81296582486,10189348,"wb","wb"
"Belarus","BLR",1996,3,"Eastern Europe",0.464851485148515,0.0430693069306931,0.0915841584158416,-0.0485148514851485,-0.167326732673267,4.3484555984556,0.242277992277992,0.353564738713254,0.214285714285714,8314.85656685025,1944.68700512976,10159569,"wb","wb"
"Belarus","BLR",2011,6,"Eastern Europe",0.683666436940041,0.113714679531358,0.0344589937973811,0.0792556857339766,0.525844245348036,5.80013063357283,0.545395166557805,0.614530801748923,0.160679294578707,25404.7566082412,5941.68999156239,9461643,"wb","wb"
"Belarus","BLR",2018,7,"Eastern Europe",0.90935811279387,0.222162262268512,0.00910794875223781,0.213054313516275,1.24482485262029,6.85129392326373,0.746271570495276,0.827814841644573,0.117085857756235,26363.4629778536,6165.91320019277,9438785,"wb","wb"
"Bolivia","BOL",2017,7,"Latin America",0.73216885007278,0.373605046094129,0.0169820475497331,0.356622998544396,1.17758369723435,7.47376093294461,0.801749271137026,0.766959060604903,0.0738581146744412,11755.2556195885,3160.16421247588,11344587,"wb","wb"
"Brazil","BRA",1991,2,"Latin America",0.761395610579628,0.208216094541362,0.024198086662915,0.184018007878447,0.890827236916151,7.3683615819209,0.745762711864407,0.753579161222018,0.107344632768362,12546.5605005559,6107.64883675747,151724256,"wb","wb"
"Brazil","BRA",1997,3,"Latin America",0.830122591943958,0.220665499124343,0.021015761821366,0.199649737302977,1.05954465849387,7.15452151009658,0.715539947322212,0.772831269633085,0.152765583845478,13896.6249901072,6764.85842091319,166661659,"wb","wb"
"Brazil","BRA",2006,5,"Latin America",0.904411764705882,0.34024064171123,0.00601604278074866,0.334224598930481,1.47727272727273,7.64414715719063,0.825418060200669,0.864914912453276,0.0662207357859532,15657.4795716983,7622.04007133264,186653106,"wb","wb"
"Brazil","BRA",2014,6,"Latin America",0.917845117845118,0.351515151515152,0.00875420875420875,0.342760942760943,1.52121212121212,7.8509777478085,0.82670262980445,0.872273873824784,0.0681051921780175,19183.172744636,9338.34278278114,200085127,"wb","wb"
"Brazil","BRA",2018,7,"Latin America",0.900859598853868,0.278510028653295,0.00802292263610315,0.270487106017192,1.34269340974212,7.56328392246294,0.783352337514253,0.842105968184061,0.0866590649942987,17917.7492123359,8722.33630317935,206107261,"wb","wb"
"Canada","CAN",2000,4,"Western",0.959067357512953,0.451813471502591,0.00414507772020725,0.447668393782383,1.81347150259067,7.84914463452566,0.879730430274754,0.919398893893854,0.0570243649559357,48399.2864445547,37906.89821012,30685730,"wb","wb"
"Canada","CAN",2006,5,"Western",0.952712100139082,0.464534075104312,0.00556328233657858,0.458970792767733,1.82336578581363,7.74640704682429,0.893834028743625,0.923273064441354,0.0491423273064441,53195.7608573851,41663.5541588166,32571193,"wb","wb"
"Canada","CAN",2020,7,"Western",0.863862618218019,0.205823792931807,0.0159283225485316,0.189895470383275,1.10751617720259,7.04156296665007,0.824788451966152,0.844325535092086,0.0975609756097561,54092.8576890836,42366.1710935265,38028638,"wb","wb"
"Switzerland","CHE",1989,2,"Western",0.94364161849711,0.357658959537572,0.00433526011560694,0.353323699421965,1.59393063583815,8.35857142857143,0.913571428571428,0.928606523534269,0.0864285714285714,64097.4688544783,69776.2197877876,6646912,"growth","wb"
"Switzerland","CHE",1996,3,"Western",0.951118475559238,0.391052195526098,0.00414250207125104,0.386909693454847,1.67605633802817,8.02159468438538,0.891196013289037,0.921157244424137,0.0506644518272425,63243.2134310286,68846.2811295722,7071850,"wb","wb"
"Switzerland","CHE",2007,5,"Western",0.939271255060729,0.412955465587045,0.00647773279352227,0.406477732793522,1.6914979757085,7.90503246753247,0.913149350649351,0.92621030285504,0.0349025974025974,76161.5600232116,82909.1358291459,7551117,"wb","wb"
"Switzerland","CHE",2017,7,"Western",0.938673741079602,0.349791216538825,0.00635880069548234,0.343432415843342,1.56421231384589,8.01844916308653,0.904120292276939,0.921397016678271,0.0467349951280826,79333.7437810881,86362.360972862,8451840,"wb","wb"
"Chile","CHL",1990,2,"Latin America",0.725437415881561,0.334454912516824,0.0262449528936743,0.308209959623149,1.06729475100942,7.55414438502674,0.804812834224599,0.76512512505308,0.0848930481283422,10955.2486481454,5290.53694835535,13437176,"wb","wb"
"Chile","CHL",1996,3,"Latin America",0.803212851405622,0.276104417670683,0.0070281124497992,0.269076305220884,1.14457831325301,6.91675025075226,0.736208625877633,0.769710738641628,0.116349047141424,15748.4653555533,7605.28953010603,14734046,"wb","wb"
"Chile","CHL",2000,4,"Latin America",0.803017602682313,0.362112321877619,0.00586756077116513,0.356244761106454,1.31852472757754,7.11986588432523,0.760268231349539,0.781642917015926,0.114836546521375,17529.4205997692,8465.35303258864,15503635,"wb","wb"
"Chile","CHL",2006,5,"Latin America",0.821643286573146,0.326653306613226,0.0140280561122244,0.312625250501002,1.2685370741483,7.24395161290323,0.784274193548387,0.802958740060767,0.094758064516129,21973.7382914389,10611.6144012877,16509195,"wb","wb"
"Chile","CHL",2012,6,"Latin America",0.847542627883651,0.244734202607823,0.00802407221664995,0.236710130391174,1.16850551654965,7.26923076923077,0.841093117408907,0.844317872646279,0.0779352226720648,26676.8110154019,12882.834417927,17519119,"wb","wb"
"Chile","CHL",2018,7,"Latin America",0.858452138492872,0.262729124236253,0.00712830957230143,0.255600814663951,1.22810590631365,7.18970736629667,0.789101917255298,0.823777027874085,0.10393541876892,28499.4064000406,13763.0068844795,18893191,"wb","wb"
"China","CHN",1990,2,"Asia",0.68448098663926,0.282631038026721,0.0215827338129496,0.261048304213772,0.891058581706064,7.29216867469879,0.816265060240964,0.750373023440112,0.0933734939759036,1666.8141224419,917.187887177205,1135185000,"wb","wb"
"China","CHN",1995,3,"Asia",0.841046277665996,0.2280348759222,0.0167672702883971,0.211267605633803,1.1046277665996,6.83344481605351,0.722408026755853,0.781727152210924,0.157859531772575,2807.88647301744,1545.07897848105,1204855000,"wb","wb"
"China","CHN",2001,4,"Asia",0.781124497991968,0.115461847389558,0.0281124497991968,0.0873493975903614,0.736947791164659,6.52976791120081,0.676084762865792,0.72860463042888,0.143289606458123,4372.43560608339,2405.99411858042,1271850000,"wb","wb"
"China","CHN",2007,5,"Asia",0.766430738119312,0.210313447927199,0.0404448938321537,0.169868554095046,0.872598584428716,6.75993804852865,0.726381001548787,0.74640586983405,0.160557563242127,8013.78375739131,4409.69709445986,1317885000,"wb","wb"
"China","CHN",2013,6,"Asia",0.855193661971831,0.162411971830986,0.011443661971831,0.150968309859155,1.01232394366197,6.85834813499112,0.761101243339254,0.808147452655542,0.123001776198934,13080.8787864744,7197.937319496,1363240000,"wb","wb"
"China","CHN",2018,7,"Asia",0.892257001647446,0.270840197693575,0.013838550247117,0.257001647446458,1.29851729818781,7.41666666666667,0.825727513227513,0.85899225743748,0.0770502645502645,17807.0490552244,9798.57890566402,1402760000,"wb","wb"
"Colombia","COL",1997,3,"Latin America",NA,NA,NA,NA,NA,8.19109338650714,0.8687271518777,NA,0.0794283815221004,11483.5050125907,4265.6935185646,37121149,"wb","wb"
"Colombia","COL",1998,3,"Latin America",0.843124165554072,0.470627503337784,0.0100133511348465,0.460614152202937,1.60747663551402,8.42103505843072,0.929883138564274,0.886503652059173,0.0701168614357262,11343.8799115733,4213.82800470051,37792165,"wb","wb"
"Colombia","COL",2005,5,"Latin America",0.870732515744117,0.487901889294001,0.00894928737156115,0.47895260192244,1.69937023533311,8.3078197481776,0.901921802518224,0.88632715913117,0.0410868124585818,11999.2549591305,4457.27537460443,42128977,"wb","wb"
"Colombia","COL",2012,6,"Latin America",0.915949702183984,0.56585043017869,0.00529450694904037,0.560555923229649,1.95301125082727,8.38822751322751,0.912037037037037,0.913993369610511,0.087962962962963,15279.4790008058,5675.75617978305,45715810,"wb","wb"
"Colombia","COL",2018,7,"Latin America",0.894078947368421,0.573026315789474,0.0131578947368421,0.559868421052632,1.90789473684211,8.1875,0.869078947368421,0.881578947368421,0.0539473684210526,17104.1313545678,6353.5464285392,49024465,"wb","wb"
"Cyprus","CYP",2006,5,"Western",0.875119161105815,0.407054337464252,0.0285986653956149,0.378455672068637,1.5071496663489,7.34571428571429,0.836190476190476,0.855654818648146,0.0885714285714286,42595.203125,26395.490234375,1054418,"wb","wb"
"Cyprus","CYP",2011,6,"Western",0.821643286573146,0.30060120240481,0.0370741482965932,0.263527054108216,1.17034068136273,7.00402819738167,0.75730110775428,0.789472197163713,0.112789526686808,41212.6875,25538.76953125,1146493,"wb","wb"
"Cyprus","CYP",2019,7,"Western",0.832160804020101,0.310552763819095,0.0341708542713568,0.276381909547739,1.21708542713568,6.66566265060241,0.701807228915663,0.766984016467882,0.0893574297188755,45454.17578125,28167.146484375,1286671,"wb","wb"
"Czechia","CZE",1991,2,"Eastern Europe",0.726977248104009,0.0585048754062839,0.028169014084507,0.0303358613217768,0.514626218851571,6.36471861471861,0.658008658008658,0.692492953056333,0.108225108225108,24734.7702062546,10543.6195982395,10308578,"wb","wb"
"Czechia","CZE",1998,3,"Eastern Europe",0.835242290748899,0.0898678414096916,0.0211453744493392,0.0687224669603524,0.807929515418502,6.39473684210526,0.660526315789474,0.747884303269186,0.104385964912281,27801.4387801408,11850.8396211995,10294373,"wb","wb"
"Czechia","CZE",2017,7,"Eastern Europe",0.893824938018121,0.181917774628859,0.0079196239805071,0.173998150648352,1.13564617733294,7.49436803972601,0.827930485354167,0.860877711686144,0.0752427694683715,45177.5226053634,19257.6930680911,10594438,"wb","wb"
"Czechia","CZE",2022,7,"Eastern Europe",0.840604026845638,0.143456375838926,0.0075503355704698,0.135906040268456,0.953020134228188,7.065,0.786666666666667,0.813635346756152,0.1075,48390.661678675,20627.348651011,10672118,"wb","wb"
"Germany","DEU",1997,3,"Western",0.815184815184815,0.181318681318681,0.0304695304695305,0.150849150849151,0.932067932067932,6.93178447849728,0.768166089965398,0.791675452575107,0.113198220464656,46670.7053500672,32795.7833455165,82034771,"wb","wb"
"Germany","DEU",2006,5,"Western",0.80440220110055,0.190595297648824,0.0215107553776888,0.169084542271136,0.946973486743372,6.92292682926829,0.750731707317073,0.777566954208812,0.121463414634146,53307.1623767517,37459.261328042,82376451,"wb","wb"
"Germany","DEU",2013,6,"Western",0.866863905325444,0.239151873767258,0.0157790927021696,0.223372781065089,1.18047337278107,7.3930494371023,0.833578071463534,0.850220988394489,0.0817425354870289,58182.0766176953,40884.8926759028,80645605,"wb","wb"
"Germany","DEU",2017,7,"Western",0.86208339077095,0.229911217730723,0.0146971059152061,0.215214111815517,1.15459500517293,7.6344949891881,0.869246844145558,0.865665117458254,0.0642490936290519,61965.4342904965,43543.4807050551,82657002,"wb","wb"
"Germany","DEU",2018,7,"Western",0.891518737672584,0.277449046679816,0.0105193951347797,0.266929651545036,1.31689677843524,7.73736047275115,0.886408404464872,0.888963571068728,0.0479317137229153,62481.1183971045,43905.8550061973,82905782,"wb","wb"
"Denmark","DNK",2017,7,"Western",0.903272353208245,0.315745307472881,0.0119536404889342,0.303791666983947,1.41412804038438,7.89556605085235,0.895063108897655,0.89916773105295,0.0552097870071564,64989.4459872347,55601.0145717787,5764980,"wb","wb"
"Dominican Republic","DOM",1996,3,"Latin America",0.736585365853659,0.324390243902439,0.00975609756097561,0.314634146341463,1.10243902439024,7.12682926829268,0.748780487804878,0.742682926829268,0.148780487804878,9036.88352149896,3419.50600399521,8032894,"wb","wb"
"Algeria","DZA",2002,4,"Africa",0.836701697655618,0.167340339531124,0.0396119644300728,0.127728375101051,0.928860145513339,5.67454688731284,0.542159180457053,0.689430439056336,0.268715524034673,12213.1263531246,3754.66081538446,31750835,"wb","wb"
"Algeria","DZA",2014,6,"Africa",0.798941798941799,0.186067019400353,0.0405643738977072,0.145502645502645,0.888888888888889,6.30102915951973,0.60377358490566,0.70135769192373,0.115780445969125,15073.7629403565,4634.10149179952,39205031,"wb","wb"
"Ecuador","ECU",2013,6,"Latin America",0.930116472545757,0.577371048252912,0.00748752079866889,0.569883527454243,2,7.91846921797005,0.897670549084859,0.913893510815308,0.0366056572379368,13689.1520460125,5893.32172683036,15807128,"wb","wb"
"Ecuador","ECU",2018,7,"Latin America",0.893220338983051,0.616949152542373,0.011864406779661,0.605084745762712,1.99661016949153,7.78547579298831,0.824707846410684,0.858964092696868,0.0851419031719532,14083.5069982304,6063.0956178776,17049547,"wb","wb"
"Egypt","EGY",2001,4,"Africa",0.895791583166333,0.181028724114896,0.0156980627922512,0.165330661322645,1.12224448897796,5.35723815877251,0.502001334222815,0.698896458694574,0.475983989326217,10117.3331821542,2492.03441188861,74652029,"wb","wb"
"Egypt","EGY",2008,5,"Africa",0.842295081967213,0.0980327868852459,0.0183606557377049,0.079672131147541,0.843934426229508,5.77770491803279,0.533770491803279,0.688032786885246,0.21672131147541,12391.5847624938,3052.2129784594,85864789,"wb","wb"
"Egypt","EGY",2013,6,"Africa",0.296782665791202,0.0584372948128693,0.415627051871307,-0.357189757058437,-1.12081418253447,5.01050558108995,0.459619172685489,0.378200919238345,0.369008535784636,13058.0748238237,3216.37839024454,95333553,"wb","wb"
"Egypt","EGY",2018,7,"Africa",0.717264386989158,0.0642201834862385,0.055045871559633,0.00917431192660551,0.452877397831526,5.86800334168755,0.543024227234754,0.630144307111956,0.150375939849624,14488.2094340261,3568.63966286365,105682094,"wb","wb"
"Spain","ESP",1990,2,"Western",0.851351351351351,0.203378378378378,0.0155405405405405,0.187837837837838,1.07837837837838,7.1454302868579,0.792528352234823,0.821939851793087,0.0727151434289526,31773.2267420042,19174.77083233,38867322,"wb","wb"
"Spain","ESP",1995,3,"Western",0.868268434134217,0.188069594034797,0.00911350455675228,0.178956089478045,1.09444904722452,6.61097256857855,0.70407315045719,0.786170792295704,0.0598503740648379,33501.7314182929,20217.9031940372,39724050,"wb","wb"
"Spain","ESP",2000,4,"Western",0.871880199667221,0.201331114808652,0.0149750415973378,0.186356073211314,1.11647254575707,6.97676348547718,0.789211618257261,0.830545908962241,0.0688796680497925,39945.8971298178,24106.8818529374,40567864,"wb","wb"
"Spain","ESP",2007,5,"Western",0.923785594639866,0.136515912897822,0.0125628140703518,0.123953098827471,1.09547738693467,7.31380753138075,0.890376569037657,0.907081081838761,0.0393305439330544,45301.2843416374,27338.79541774,45226803,"wb","wb"
"Spain","ESP",2011,6,"Western",0.863406408094435,0.150927487352445,0.0118043844856661,0.139123102866779,1.00505902192243,6.77054794520548,0.769691780821918,0.816549094458176,0.0907534246575342,42271.8346788238,25510.5579678829,46742697,"wb","wb"
"Spain","ESP",2017,7,"Western",0.889679603872605,0.218154964623496,0.0123040308702372,0.205850933753259,1.19106107525173,7.49206018958506,0.891025024237521,0.890352314055063,0.0390368223818819,45446.2508575695,27426.281015093,46571232,"wb","wb"
"Estonia","EST",1996,3,"Eastern Europe",0.648055832502493,0.0468594217347956,0.0518444666001994,-0.00498504486540378,0.286141575274177,4.99705882352941,0.370588235294118,0.509322033898305,0.140196078431373,15666.1330451502,7637.25708286963,1415594,"wb","wb"
"Estonia","EST",2011,6,"Eastern Europe",0.765407554671968,0.123923127899271,0.0205434062292909,0.10337972166998,0.737574552683897,6.20039292730845,0.633922724296005,0.699665139483987,0.117878192534381,32453.1008476709,15820.922342204,1327439,"wb","wb"
"Estonia","EST",2018,7,"Eastern Europe",0.848155906218609,0.181461282328275,0.0098134123729527,0.171647869955322,1.03960755234786,7.23008699337011,0.809010222555565,0.828583064387087,0.0699029817974647,40849.8473475564,19914.3454922878,1321977,"wb","wb"
"Ethiopia","ETH",2007,5,"Africa",0.637215528781794,0.298527443105756,0.0542168674698795,0.244310575635877,0.763052208835341,4.99328859060403,0.421476510067114,0.529346019424454,0.106040268456376,1109.14330259683,338.799064654308,83103217,"wb","wb"
"Ethiopia","ETH",2020,7,"Africa",0.87479674796748,0.330081300813008,0.0219512195121951,0.308130081300813,1.36585365853659,5.77949552481692,0.503661513425549,0.689229130696514,0.207485760781123,2516.54907638899,768.705424484873,118917671,"wb","wb"
"Finland","FIN",1981,1,"Western",0.9358074222668,0.167502507522568,0.00601805416248746,0.16148445336008,1.19458375125376,7.90581162324649,0.935871743486974,0.935839582876887,0.0230460921843687,29951.0629211944,24150.5782368449,4799964,"growth","wb"
"Finland","FIN",1996,3,"Western",0.923076923076923,0.24,0.0112820512820513,0.228717948717949,1.30358974358974,7.77822990844354,0.910478128179044,0.916777525627983,0.0406917599186165,38301.5126175582,30883.8347237846,5124573,"wb","wb"
"Finland","FIN",2005,5,"Western",0.918065153010859,0.293188548864758,0.0118460019743337,0.281342546890424,1.39881539980257,7.83925049309665,0.897435897435897,0.907750525223378,0.0631163708086785,52744.048034135,42529.3506920884,5246096,"wb","wb"
"Finland","FIN",2017,7,"Western",0.891704962180628,0.216852793147643,0.00799976150188461,0.208853031645759,1.20111598765277,7.89836465477008,0.906804146009848,0.899254554095238,0.0487411732577407,55637.2262781223,44862.220404205,5508214,"wb","wb"
"France","FRA",2006,5,"Western",0.898797595190381,0.36372745490982,0.0200400801603206,0.343687374749499,1.48496993987976,6.864,0.757,0.82789879759519,0.108,49223.247197008,35645.4162427116,63622342,"wb","wb"
"France","FRA",2018,7,"Western",0.91036277384962,0.334035950375986,0.0140148131736784,0.320021137202307,1.46076782210386,7.26401541498594,0.814419594193289,0.862391184021455,0.0878188161730966,52560.9536243841,38062.4435961412,67158348,"wb","wb"
"United Kingdom","GBR",1998,3,"Western",0.903758020164986,0.331805682859762,0.0238313473877177,0.307974335472044,1.42346471127406,7.58150183150183,0.850732600732601,0.877245310448793,0.0576923076923077,41004.8386335287,36773.9287790406,58487141,"wb","wb"
"United Kingdom","GBR",2005,5,"Western",0.933589990375361,0.505293551491819,0.0134744947064485,0.491819056785371,1.85081809432146,7.55298651252408,0.888246628131021,0.910918309253191,0.0414258188824663,48304.6753205932,43320.5628684438,60401206,"wb","wb"
"United Kingdom","GBR",2018,7,"Western",0.934293954324563,0.407922703138098,0.0113562618050263,0.396566441333072,1.66172079131527,7.71293044010308,0.886921397557981,0.910607675941272,0.0524593215561412,52983.039541197,47516.2099770322,66287000,"wb","wb"
"United Kingdom","GBR",2022,7,"Western",0.892870905587669,0.328709055876686,0.00886319845857418,0.319845857418112,1.42543352601156,7.31727062451812,0.83307632999229,0.862973617789979,0.0767154973014649,53979.7679116234,48410.095170282,67636000,"wb","wb"
"Georgia","GEO",1996,3,"Eastern Europe",0.655327663831916,0.11655827913957,0.0525262631315658,0.064032016008004,0.43871935967984,4.68052078117176,0.348022033049574,0.501674848440745,0.239859789684527,4339.0046688347,1187.123206219,4491699,"wb","wb"
"Georgia","GEO",2009,5,"Eastern Europe",0.669594594594595,0.122297297297297,0.0391891891891892,0.0831081081081081,0.505405405405405,4.9559620596206,0.352981029810298,0.511287812202446,0.149051490514905,10553.0896395853,2887.25607935922,3814419,"wb","wb"
"Georgia","GEO",2014,6,"Eastern Europe",0.69608659450458,0.214820982514571,0.0507910074937552,0.164029975020816,0.720233139050791,5.44666666666667,0.429166666666667,0.562626630585623,0.223333333333333,14475.3135356035,3960.35080091901,3719414,"wb","wb"
"Georgia","GEO",2018,7,"Eastern Europe",0.789174814066336,0.332357774443889,0.0323753639560296,0.299982410487859,1.17831444910839,6.71169024180235,0.651632758936178,0.720403786501257,0.18186674215204,17228.6790847503,4713.65354845303,3726549,"wb","wb"
"Ghana","GHA",2007,5,"Africa",0.784735812133072,0.500978473581213,0.04044357469015,0.460534898891063,1.49054142204827,6.11976439790576,0.627617801047121,0.706176806590096,0.195026178010471,3923.12567803728,1205.31705804209,23642279,"wb","wb"
"Ghana","GHA",2012,6,"Africa",0.825386597938144,0.543170103092783,0.0289948453608247,0.514175257731959,1.67912371134021,6.42203608247423,0.673969072164948,0.749677835051546,0.13659793814433,5339.71321903045,1640.54072088003,26734268,"wb","wb"
"Greece","GRC",2017,7,"Western",0.71571906354515,0.153846153846154,0.0844481605351171,0.0693979933110368,0.570234113712375,6.18166666666667,0.666666666666667,0.691192865105908,0.119166666666667,31995.4108838386,18352.0884461258,10754679,"wb","wb"
"Guatemala","GTM",2004,5,"Latin America",0.787787787787788,0.446446446446446,0.003003003003003,0.443443443443443,1.46246246246246,7.95095095095095,0.862862862862863,0.825325325325325,0.0680680680680681,9003.86136388797,3250.20561194529,12807402,"wb","wb"
"Guatemala","GTM",2020,7,"Latin America",0.907241659886086,0.510984540276648,0.0113913751017087,0.499593165174939,1.81366965012205,7.49959316517494,0.808787632221318,0.858014646053702,0.0870626525630594,11097.1503902986,4005.83916360689,17357325,"wb","wb"
"Hong Kong","HKG",2005,5,"Asia",0.840160642570281,0.0690763052208835,0.00481927710843373,0.0642570281124498,0.808835341365462,6.40836012861736,0.709003215434084,0.774581929002182,0.0755627009646302,47938.8533561286,32401.3558626573,6813200,"wb","wb"
"Hong Kong","HKG",2014,6,"Asia",0.892785571142285,0.234468937875752,0.0140280561122244,0.220440881763527,1.22645290581162,6.84954864593781,0.770310932798395,0.83154825197034,0.086258776328987,61839.8044187474,41796.8593150091,7229500,"wb","wb"
"Hong Kong","HKG",2018,7,"Asia",0.805890873973926,0.110091743119266,0.0212457749879285,0.0888459681313375,0.789473684210526,6.63355834136934,0.753134040501447,0.779512457237686,0.0578592092574735,66993.9592604441,45280.4971892076,7452600,"wb","wb"
"Croatia","HRV",1996,3,"Eastern Europe",0.701606086221471,0.0853761622992392,0.032967032967033,0.0524091293322063,0.508030431107354,6.18288590604027,0.623322147651007,0.662464116936239,0.124161073825503,18850.1633100668,7858.19280544609,4557097,"wb","wb"
"Croatia","HRV",2017,7,"Eastern Europe",0.823654561594926,0.186967102741004,0.0251627623534813,0.161804340387522,0.970917803964897,7.45610140597764,0.801900613624088,0.812777587609507,0.0739426350482284,32348.5888556174,13485.3711360576,4041407,"wb","wb"
"Haiti","HTI",2016,6,"Latin America",0.843037974683544,0.32,0.0572151898734177,0.262784810126582,1.21164556962025,5.58942065491184,0.483627204030227,0.663332589356886,0.200503778337531,3415.58218112308,1416.74881879698,10671457,"wb","wb"
"Hungary","HUN",1982,1,"Eastern Europe",0.784518828451883,0.110181311018131,0.0362622036262204,0.0739191073919107,0.716875871687587,6.92723492723493,0.712404712404712,0.748461770428298,0.143451143451143,19495.1522448651,7914.90849326563,10705535,"growth","wb"
"Hungary","HUN",1998,3,"Eastern Europe",0.782270606531882,0.136858475894246,0.0388802488335925,0.0979782270606532,0.76049766718507,5.86089644513138,0.520865533230294,0.651568069881088,0.149922720247295,20438.3829550506,8297.85419511945,10266570,"wb","wb"
"Hungary","HUN",2009,5,"Eastern Europe",0.761477045908184,0.172654690618762,0.0339321357285429,0.13872255489022,0.800399201596806,5.89421157684631,0.562874251497006,0.662175648702595,0.148702594810379,27445.959458479,11142.885928524,10022650,"wb","wb"
"Hungary","HUN",2018,7,"Eastern Europe",0.816412396156923,0.205417861336719,0.0227714121749242,0.182646449161795,0.998117690637435,7.14789209567238,0.793823404861187,0.805117900509055,0.0991290217280176,35798.0412754022,14533.7783144312,9706964,"wb","wb"
"Indonesia","IDN",2001,4,"Asia",0.949748743718593,0.206030150753769,0.00301507537688442,0.203015075376884,1.30552763819095,6.95757575757576,0.78989898989899,0.869823866808791,0.0868686868686869,6190.51954040991,1868.59172307292,219097902,"wb","wb"
"Indonesia","IDN",2006,5,"Asia",0.9341046277666,0.255533199195171,0.00553319919517103,0.25,1.3682092555332,6.9087093389297,0.744491080797482,0.839297854282041,0.100209863588667,7434.48785352221,2244.0802226202,233951652,"wb","wb"
"Indonesia","IDN",2018,7,"Asia",0.939043451078462,0.442013129102845,0.010628321350422,0.431384807752423,1.74085651766177,7.55663329161452,0.793491864831039,0.86626765795475,0.102315394242804,12262.2310300771,3701.32155461912,269951846,"wb","wb"
"India","IND",1990,2,"Asia",0.723182000803536,0.239453595821615,0.0357573322619526,0.203696263559662,0.853756528726396,6.70012190166599,0.662332385209265,0.6927571930064,0.139374238114588,2139.82749174123,537.870269536103,864972221,"wb","wb"
"India","IND",1995,3,"Asia",0.770149253731343,0.302985074626866,0.0288557213930348,0.274129353233831,1.08855721393035,6.53090909090909,0.671168831168831,0.720659042450087,0.154285714285714,2469.3516292637,620.699954336366,960301044,"wb","wb"
"India","IND",2001,4,"Asia",0.741361788617886,0.257621951219512,0.0457317073170732,0.211890243902439,0.90650406504065,5.14191919191919,0.278282828282828,0.509822308450357,0.28989898989899,3097.16224022342,778.507377522499,1077898575,"wb","wb"
"India","IND",2006,5,"Asia",0.755889724310777,0.290225563909774,0.0275689223057644,0.26265664160401,1.03709273182957,5.79569892473118,0.385560675883257,0.570725200097017,0.194060419866872,4011.08647585805,1008.23275344818,1172878890,"wb","wb"
"India","IND",2012,6,"Asia",0.877214566929134,0.375,0.0142716535433071,0.360728346456693,1.47588582677165,6.51677355698076,0.678589047853971,0.777901807391553,0.0942279230389739,5303.50197767655,1333.09626557649,1278674502,"wb","wb"
"India","IND",2023,7,"Asia",0.843992140377883,0.379127778579546,0.0244722277199,0.354655550859646,1.39729538247506,7.20137714858965,0.776778415867235,0.810385278122559,0.135184513149183,8870.55027609345,2229.71491223037,1438069596,"wb","wb"
"Iran","IRN",2000,4,"Asia",0.625911625911626,0.25010725010725,0.0630630630630631,0.187044187044187,0.625911625911626,6.37699680511182,0.636182108626198,0.631046867268912,0.133785942492013,11643.1218077696,3885.30183360649,66418659,"wb","wb"
"Iran","IRN",2007,5,"Asia",0.804479878511769,0.183371298405467,0.0451784358390281,0.138192862566439,0.885345482156416,6.42707161604799,0.642294713160855,0.723387295836312,0.120359955005624,15237.4237850549,5084.71796043623,74602648,"wb","wb"
"Iran","IRN",2020,7,"Asia",0.696726786907148,0.183700734802939,0.100200400801603,0.083500334001336,0.560454241816967,6.20093457943925,0.608144192256342,0.652435489581745,0.16154873164219,15381.5845437266,5132.82430762118,87723443,"wb","wb"
"Iraq","IRQ",2004,4,"Asia",0.629081410535481,0.133217239878102,0.105354810622551,0.0278624292555507,0.313887679582064,5.22709677419355,0.434408602150538,0.531745006343009,0.25505376344086,10210.5631004936,3354.26588756715,27577878,"wb","wb"
"Iraq","IRQ",2006,5,"Asia",0.534495830174375,0.0636846095526914,0.17475360121304,-0.111068991660349,-0.153146322971948,4.46179775280899,0.306367041198502,0.420431435686438,0.256928838951311,10568.9137652953,3471.98744698568,28616515,"wb","wb"
"Iraq","IRQ",2013,6,"Asia",0.686291000841043,0.105971404541632,0.0479394449116905,0.0580319596299411,0.488645920941968,5.91435768261965,0.602015113350126,0.644153057095584,0.167086481947943,13712.931714296,4504.82687537354,35281989,"wb","wb"
"Iraq","IRQ",2018,7,"Asia",0.703986429177269,0.182357930449534,0.099236641221374,0.0831212892281595,0.574215436810857,4.465,0.150833333333333,0.427409881255301,0.0958333333333333,14456.2357053191,4749.00921836896,40265624,"wb","wb"
"Iceland","ISL",2017,7,"Western",0.953985428379969,0.448900371268237,0.00868026360348659,0.44022010766475,1.78841107208944,8.05933199613325,0.921250257246813,0.937617842813391,0.0392501629859702,65462.5033306299,56657.9800322797,343400,"wb","wb"
"Israel","ISR",2001,4,"Asia",0.785109983079526,0.27580372250423,0.0431472081218274,0.232656514382403,1.03553299492386,7.02605042016807,0.756302521008403,0.770706252043965,0.117647058823529,32591.2116817431,28804.0396341969,6439000,"wb","wb"
"Italy","ITA",2005,5,"Western",0.899602385685885,0.184890656063618,0.0139165009940358,0.170974155069582,1.14115308151093,6.88767395626243,0.823061630218688,0.861332007952286,0.084493041749503,51585.6445807938,33407.6754716472,58166682,"wb","wb"
"Italy","ITA",2018,7,"Western",0.829500037884294,0.18141598661089,0.0276306423239415,0.153785344286949,0.966570764342485,7.27759440664871,0.863795888757052,0.846647963320673,0.068471061468535,49355.8751913504,31963.6417148824,59877221,"wb","wb"
"Jordan","JOR",2001,4,"Asia",0.834154351395731,0.123152709359606,0.0426929392446634,0.0804597701149425,0.829228243021346,5.60115131578947,0.473684210526316,0.653919280961023,0.198190789473684,9056.19447281902,3841.98511846743,5498894,"wb","wb"
"Jordan","JOR",2007,5,"Asia",0.874061718098415,0.291075896580484,0.0208507089241034,0.27022518765638,1.28857381150959,7.20217209690894,0.725981620718463,0.800021669408439,0.150375939849624,11034.2922176813,4681.17006766931,6827227,"wb","wb"
"Jordan","JOR",2014,6,"Asia",0.8575,0.2075,0.045,0.1625,1.04,6.61,0.7125,0.785,0.1025,11086.6905487513,4703.39944986815,8791710,"wb","wb"
"Jordan","JOR",2018,7,"Asia",0.868223519599666,0.241034195162636,0.0316930775646372,0.209341117597998,1.15512927439533,6.86783042394015,0.699916874480466,0.784070197040066,0.136325852036575,10183.0248366235,4320.029787425,10462306,"wb","wb"
"Japan","JPN",1981,1,"Asia",0.832281334535618,0.164111812443643,0.0171325518485122,0.146979260595131,0.958521190261497,6.57931638913234,0.751971954425942,0.79212664448078,0.0718667835232252,25369.2946533094,20291.567958628,117661000,"growth","wb"
"Japan","JPN",1990,2,"Asia",0.829113924050633,0.180379746835443,0.00843881856540084,0.171940928270042,1.00210970464135,6.52626158599382,0.746652935118435,0.787883429584534,0.0576725025746653,36137.8442587458,28904.7658863073,123478000,"wb","wb"
"Japan","JPN",1995,3,"Asia",0.903753609239654,0.330125120307988,0.00577478344562079,0.324350336862368,1.45620789220404,6.60835762876579,0.743440233236152,0.823596921237903,0.0689990281827017,38137.9346304016,30504.5332529005,125472000,"wb","wb"
"Japan","JPN",2000,4,"Asia",0.891748675246026,0.286146858440575,0.0060560181680545,0.280090840272521,1.34367903103709,6.48404255319149,0.716565349544073,0.804157012395049,0.0873860182370821,39731.7953686304,31779.3788459032,126843000,"wb","wb"
"Japan","JPN",2005,5,"Asia",0.896810506566604,0.291744840525328,0.0112570356472795,0.280487804878049,1.35459662288931,6.99074074074074,0.821296296296296,0.85905340143145,0.0935185185185185,41740.352036905,33385.9179590327,127773000,"wb","wb"
"Japan","JPN",2010,6,"Asia",0.892645815722739,0.333051563820795,0.0101437024513948,0.3229078613694,1.43110735418428,6.91180176396472,0.756404871902562,0.82452534381265,0.119697606047879,41647.0458542008,33311.2872381879,128070000,"wb","wb"
"Japan","JPN",2019,7,"Asia",0.902567975830816,0.305891238670695,0.006797583081571,0.299093655589124,1.40332326283988,6.7593984962406,0.756390977443609,0.829479476637212,0.130827067669173,46055.3498672487,36837.2583653113,126633000,"wb","wb"
"Kazakhstan","KAZ",2011,6,"Asia",0.887333333333333,0.316666666666667,0.00333333333333333,0.313333333333333,1.40133333333333,7.25466666666667,0.806,0.846666666666667,0.0913333333333333,27946.1603432944,9223.3021336315,17066002,"wb","wb"
"Kazakhstan","KAZ",2018,7,"Asia",0.890173410404624,0.302229562345169,0.00495458298926507,0.297274979355904,1.37489677952106,6.91593973037272,0.716098334655036,0.80313587252983,0.118953211736717,32330.2274546567,10670.2120148279,18932727,"wb","wb"
"Kenya","KEN",2021,7,"Africa",0.837190742218675,0.505985634477255,0.0271348762968875,0.478850758180367,1.63208300079808,5.875,0.549363057324841,0.693276899771758,0.19187898089172,5338.85243382781,1698.89578271444,53219166,"wb","wb"
"Kyrgyzstan","KGZ",2003,4,"Asia",0.845410628019324,0.199033816425121,0.00483091787439614,0.194202898550725,1.0792270531401,6.48226270373921,0.661553211888782,0.753481919954053,0.145733461169703,3982.92722017802,786.350474964134,5043308,"wb","wb"
"Kyrgyzstan","KGZ",2011,6,"Asia",0.959946595460614,0.362483311081442,0.00267022696929239,0.35981308411215,1.63951935914553,6.96308724832215,0.73758389261745,0.848765244039032,0.118120805369128,5092.85165751678,1005.4831781815,5546587,"wb","wb"
"Kyrgyzstan","KGZ",2020,7,"Asia",0.962468723936614,0.676396997497915,0.00417014178482068,0.672226855713094,2.26939115929942,8.38313856427379,0.813856427378965,0.888162575657789,0.186143572621035,5537.79547319377,1093.32856461422,6726596,"wb","wb"
"South Korea","KOR",1982,1,"Asia",NA,NA,NA,NA,NA,5.33475026567481,0.497343251859724,NA,0.197662061636557,6949.98088274971,4675.53053701243,39326352,"growth","wb"
"South Korea","KOR",1990,2,"Asia",0.792754844144903,0.104465037910699,0.0345408593091828,0.0699241786015164,0.725358045492839,6.68597063621533,0.713703099510604,0.753228971827753,0.174551386623165,14377.8839203268,9672.57845182894,42869283,"wb","wb"
"South Korea","KOR",1996,3,"Asia",0.888621794871795,0.119391025641026,0.0104166666666667,0.108974358974359,0.995192307692308,NA,NA,NA,NA,22139.7963785414,14894.3278834104,45524681,"wb","wb"
"South Korea","KOR",2001,4,"Asia",0.876666666666667,0.0958333333333333,0.0166666666666667,0.0791666666666667,0.911666666666667,6.21398124467178,0.618925831202046,0.747796248934356,0.129582267689685,27440.6564915847,18460.4288193829,47370164,"wb","wb"
"South Korea","KOR",2005,5,"Asia",0.874166666666667,0.146666666666667,0.0116666666666667,0.135,1.01833333333333,6.39014202172097,0.700083542188805,0.787125104427736,0.0827067669172932,32886.0472450743,22123.7613066851,48184561,"wb","wb"
"South Korea","KOR",2010,6,"Asia",0.897414512093411,0.155963302752294,0.0100083402835696,0.145954962468724,1.08673894912427,6.61059714045416,0.713204373423045,0.805309442758228,0.0647603027754416,39574.0500732947,26623.0487122927,49554112,"wb","wb"
"South Korea","KOR",2018,7,"Asia",0.890763052208835,0.0409638554216867,0.000803212851405622,0.0401606425702811,0.861847389558233,6.72690763052209,0.843373493975904,0.86706827309237,0.0506024096385542,48834.4471157733,32852.8887488942,51585058,"wb","wb"
"Kuwait","KWT",2014,6,"Asia",0.925581395348837,0.417054263565891,0.00930232558139535,0.407751937984496,1.66666666666667,7.20932069510269,0.750394944707741,0.837988170028289,0.0845181674565561,60065.6544076232,31073.1537300624,3665876,"wb","wb"
"Lebanon","LBN",2013,6,"Asia",0.787269681742044,0.180067001675042,0.0217755443886097,0.158291457286432,0.891122278056951,6.50377200335289,0.683989941324392,0.735629811533218,0.088013411567477,16396.4969302163,8443.53856528784,5743436,"wb","wb"
"Lebanon","LBN",2018,7,"Asia",0.860833333333333,0.185833333333333,0.0166666666666667,0.169166666666667,1.06,6.68333333333333,0.890833333333333,0.875833333333333,0.0841666666666667,16290.0516478592,8388.7235123835,5984119,"wb","wb"
"Libya","LBY",2014,6,"Africa",0.873519658929417,0.376598768356229,0.0326859308384652,0.343912837517764,1.43486499289436,7.26089015151515,0.736268939393939,0.804894299161678,0.119791666666667,12499.0829968523,7644.24843947404,6427252,"wb","wb"
"Libya","LBY",2022,7,"Africa",0.920235096557515,0.361041141897565,0.0201511335012594,0.340890008396306,1.52225020990764,7.92887746358183,0.823479005998286,0.8718570512779,0.0668380462724936,11450.0598552928,7002.68189296358,7223805,"wb","wb"
"Lithuania","LTU",1997,3,"Eastern Europe",0.572614107883817,0.0425311203319502,0.0508298755186722,-0.008298755186722,0.128630705394191,4.98694779116466,0.397590361445783,0.4851022346648,0.199799196787149,14050.349878771,5685.44901491024,3575137,"wb","wb"
"Lithuania","LTU",2018,7,"Eastern Europe",0.830831538746105,0.0942019154795278,0.0098853263017483,0.0843165891777795,0.83029625584777,6.75390559099247,0.753127145374396,0.791979342060251,0.140364269085448,41035.4018152732,16604.9021440809,2819200,"wb","wb"
"Latvia","LVA",1996,3,"Eastern Europe",0.714532871972318,0.0458477508650519,0.0346020761245675,0.0112456747404844,0.451557093425606,4.89831932773109,0.360504201680672,0.537518536826495,0.147899159663866,11077.8618422597,4822.90414861125,2457222,"wb","wb"
"Latvia","LVA",2021,7,"Eastern Europe",0.804694559881347,0.133541329027507,0.0118069598271778,0.12173436920033,0.852857858163353,6.91499968552293,0.767333114968494,0.78601383742492,0.104461390698487,36912.0130602161,16070.1680032322,1884490,"wb","wb"
"Macao","MAC",2019,7,"Asia",0.910068426197458,0.144672531769306,0.00977517106549365,0.134897360703812,1.08993157380254,6.45988258317025,0.702544031311155,0.806306228754307,0.0479452054794521,133453.896026037,75724.6078280261,672000,"wb","wb"
"Morocco","MAR",2001,4,"Africa",0.792634107285829,0.216172938350681,0.0456365092073659,0.170536429143315,0.926341072858287,5.8617106314948,0.460431654676259,0.626532880981044,0.147881694644285,5417.57861328125,2078.96606445313,28814643,"wb","wb"
"Morocco","MAR",2007,5,"Africa",0.809007506255213,0.24603836530442,0.0275229357798165,0.218515429524604,1.05504587155963,5.25229741019215,0.380952380952381,0.594979943603797,0.14452798663325,6620.59033203125,2540.615234375,31186468,"wb","wb"
"Morocco","MAR",2011,6,"Africa",0.785296574770259,0.210526315789474,0.0559732664995823,0.154553049289891,0.879699248120301,5.94458653026428,0.451832907075874,0.618564740923066,0.146632566069906,7503.79296875,2879.53930664063,32912588,"wb","wb"
"Morocco","MAR",2021,7,"Africa",0.828333333333333,0.124166666666667,0.00916666666666667,0.115,0.886666666666667,6.68166666666667,0.7425,0.785416666666667,0.145,8623.265625,3309.130859375,36954442,"wb","wb"
"Moldova","MDA",1996,3,"Eastern Europe",0.438848920863309,0.0359712230215827,0.079136690647482,-0.0431654676258993,-0.20863309352518,3.72505091649694,0.212830957230143,0.325839939046726,0.364562118126273,6063.14051693664,1425.9518091471,2947293,"wb","wb"
"Moldova","MDA",2002,4,"Eastern Europe",0.504596527068437,0.0643513789581205,0.041879468845761,0.0224719101123595,0.0541368743615935,4.55783009211873,0.310133060388946,0.407364793728691,0.209825997952917,6580.27841436838,1547.57421231612,2911385,"wb","wb"
"Moldova","MDA",2006,5,"Eastern Europe",0.517241379310345,0.0995073891625616,0.132019704433498,-0.032512315270936,-0.0305418719211823,5.45052833813641,0.485110470701249,0.501175925005797,0.205571565802113,8577.02858037286,2017.17730062908,2880967,"wb","wb"
"Maldives","MDV",2021,7,"Asia",0.882125603864734,0.292753623188406,0.0251207729468599,0.267632850241546,1.29951690821256,7.30183220829315,0.790742526518804,0.836434065191769,0.107039537126326,19052.6224904311,9759.2219360708,516154,"wb","wb"
"Mexico","MEX",1981,1,"Latin America",0.806774014436424,0.345363686840644,0.00943920044419767,0.335924486396446,1.28539700166574,7.96457765667575,0.898637602179837,0.85270580830813,0.0408719346049046,18960.3079234513,8875.07151181967,68892108,"growth","wb"
"Mexico","MEX",1990,2,"Latin America",0.705040871934605,0.263623978201635,0.0217983651226158,0.241825613079019,0.893732970027248,7.4108322324967,0.819022457067371,0.762031664500988,0.0944517833553501,17169.5925859795,8036.86114405886,82820170,"wb","wb"
"Mexico","MEX",1996,3,"Latin America",0.706792199058507,0.320107599193006,0.0262273032952253,0.293880295897781,1.00134498991258,7.68657718120805,0.833557046979866,0.770174623019186,0.0919463087248322,17775.8727889128,8320.65295687947,92452702,"wb","wb"
"Mexico","MEX",2000,4,"Latin America",0.923834537097833,0.575837163493106,0.00919238345370978,0.566644780039396,1.98095863427446,8.14342629482072,0.847277556440903,0.885556046769368,0.0763612217795485,20470.4937669158,9581.96970202823,98625552,"wb","wb"
"Mexico","MEX",2005,5,"Latin America",0.90990990990991,0.584942084942085,0.00707850707850708,0.577863577863578,1.97554697554698,8.22685185185185,0.888888888888889,0.899399399399399,0.0542328042328042,20277.2552852007,9491.51730268004,105811504,"wb","wb"
"Mexico","MEX",2012,6,"Latin America",0.9425,0.675,0.0045,0.6705,2.226,8.5125,0.9125,0.9275,0.0875,20898.935720908,9782.51776251839,116818208,"wb","wb"
"Mexico","MEX",2018,7,"Latin America",0.917863296955773,0.585295807007467,0.00574382538770821,0.579551981619759,1.99483055715106,8.13735632183908,0.87183908045977,0.894851188707771,0.0649425287356322,21997.7730219494,10296.8690940459,124573711,"wb","wb"
"North Macedonia","MKD",1998,3,"Eastern Europe",0.633946830265849,0.1359918200409,0.0347648261758691,0.101226993865031,0.470347648261759,5.70173646578141,0.49438202247191,0.564164426368879,0.16241062308478,11092.8286175909,3038.13983382569,2007523,"wb","wb"
"North Macedonia","MKD",2001,4,"Eastern Europe",0.749049429657795,0.192965779467681,0.0484790874524715,0.144486692015209,0.787072243346008,5.12357414448669,0.400190114068441,0.574619771863118,0.288973384030418,11571.8112316434,3169.32514368931,2034882,"wb","wb"
"North Macedonia","MKD",2019,7,"Eastern Europe",0.887587902701004,0.352661303365194,0.0168534371706729,0.335807866194521,1.44679153779105,7.28736870360261,0.783143457292742,0.835365679996873,0.126047351541557,21766.8842062487,5961.58475399191,1876262,"wb","wb"
"Mali","MLI",2007,5,"Africa",0.835751978891821,0.394459102902375,0.0277044854881266,0.366754617414248,1.40501319261214,6.09230769230769,0.548251748251748,0.692001863571784,0.155944055944056,2515.94692366143,784.893915013531,14457775,"wb","wb"
"Myanmar","MMR",2020,7,"Asia",0.875833333333333,0.333333333333333,0.0341666666666667,0.299166666666667,1.35,7.2,0.7175,0.796666666666667,0.135833333333333,5926.83450206681,1301.31386350667,53016522,"wb","wb"
"Montenegro","MNE",1996,3,"Eastern Europe",0.703389830508475,0.139830508474576,0.0169491525423729,0.122881355932203,0.652542372881356,6.21030042918455,0.609442060085837,0.656415945297156,0.111587982832618,14638.7363489702,4448.0424963957,611003,"nearest","nearest"
"Montenegro","MNE",2001,4,"Eastern Europe",0.693386773547094,0.0861723446893788,0.0220440881763527,0.0641282565130261,0.51503006012024,5.63929618768328,0.549364613880743,0.621375693713919,0.221896383186706,14552.4956785923,4421.83790075206,607389,"wb","wb"
"Montenegro","MNE",2019,7,"Eastern Europe",0.927059264727822,0.342085976175919,0.00883996635788626,0.333246009818033,1.52061054909171,7.53869162264413,0.833147789326162,0.880103527026992,0.049419145655163,24585.1159529158,7470.29237568568,626753,"wb","wb"
"Mongolia","MNG",2020,7,"Asia",0.691086691086691,0.194139194139194,0.0152625152625153,0.178876678876679,0.73992673992674,6.45604395604396,0.692918192918193,0.692002442002442,0.0750915750915751,14801.3420829185,4066.03410882791,3327204,"wb","wb"
"Malaysia","MYS",2006,5,"Asia",0.947543713572023,0.364696086594505,0.00166527893422148,0.363030807660283,1.62114904246461,6.8375,0.8,0.873771856786012,0.0791666666666667,21444.4857715028,7469.8106921211,26417909,"wb","wb"
"Malaysia","MYS",2012,6,"Asia",0.960769230769231,0.565384615384615,0,0.565384615384615,2.05230769230769,7.13384615384615,0.823076923076923,0.891923076923077,0.0607692307692308,25006.3587781537,8710.52671359902,29662831,"wb","wb"
"Malaysia","MYS",2018,7,"Asia",0.856054836252856,0.184310738766184,0.0121858339680122,0.172124904798172,1.05635948210206,6.98933739527799,0.805788271134806,0.830921553693831,0.0738766184310739,30459.9655338061,10610.1950240479,32910967,"wb","wb"
"Nigeria","NGA",1990,2,"Africa",0.659617321248741,0.397784491440081,0.0795568982880161,0.318227593152064,0.955689828801611,6.58575727181545,0.66900702106319,0.664312171155965,0.147442326980943,5423.80689586993,1577.19616627771,97120925,"wb","wb"
"Nigeria","NGA",1995,3,"Africa",0.845495722194263,0.464016104680423,0.0286864620030196,0.435329642677403,1.56165072974333,6.59175465057818,0.680744092508798,0.76311990735153,0.146807440925088,4797.5115213682,1395.07488456803,110819428,"wb","wb"
"Nigeria","NGA",2000,4,"Africa",0.91839762611276,0.668150346191889,0.00890207715133531,0.659248269040554,2.15529179030663,6.87438180019782,0.750741839762611,0.834569732937685,0.163204747774481,4889.00321921229,1421.67987952016,126382494,"wb","wb"
"Nigeria","NGA",2012,6,"Africa",0.837976122797044,0.548607163160887,0.0415008527572484,0.507106310403638,1.69016486640136,6.26208072768619,0.661739624786811,0.749857873791927,0.144968732234224,8265.90551181051,2403.65387896987,176200625,"wb","wb"
"Nigeria","NGA",2018,7,"Africa",0.72830494728305,0.467964314679643,0.0875912408759124,0.380373073803731,1.21735604217356,5.61731391585761,0.505663430420712,0.616984188851881,0.247572815533981,8362.62330860296,2431.77857832597,204938755,"wb","wb"
"Nicaragua","NIC",2020,7,"Latin America",0.855833333333333,0.4975,0.02,0.4775,1.66666666666667,7.94333333333333,0.8325,0.844166666666667,0.0741666666666667,6523.36944661195,1950.19181218473,6565267,"wb","wb"
"Northern Ireland","NIR",2022,7,"Western",0.941573033707865,0.413483146067416,0.00898876404494382,0.404494382022472,1.69213483146067,7.48654708520179,0.84304932735426,0.892311180531063,0.0695067264573991,53979.7679116234,48410.095170282,1900000,"wb","wb"
"Netherlands","NLD",2006,5,"Western",0.936962750716332,0.418338108882521,0.00382043935052531,0.414517669531996,1.70296084049666,7.72163965681602,0.935176358436606,0.936069554576469,0.0266920877025739,60391.5155033324,43841.0915818567,16346101,"wb","wb"
"Netherlands","NLD",2012,6,"Western",0.93312101910828,0.322186836518047,0.00636942675159236,0.315817409766454,1.49787685774947,7.49256110520723,0.92933049946865,0.931225759288465,0.0377258235919235,61480.8416416324,44631.8855633239,16754962,"wb","wb"
"Netherlands","NLD",2017,7,"Western",0.921971237185671,0.374319229606755,0.0063905347330756,0.36792869487368,1.5797998641187,7.83567374040789,0.934478636828891,0.928224937007281,0.0431071176924831,65665.9910229578,47670.0858101833,17131296,"wb","wb"
"Netherlands","NLD",2022,7,"Western",0.914538310412574,0.263752455795678,0.0171905697445972,0.246561886051081,1.32220039292731,7.35724672806592,0.911294231701406,0.91291627105699,0.0460494425593795,71324.0360229425,51777.5314828276,17700982,"wb","wb"
"Norway","NOR",1996,3,"Western",0.944888888888889,0.299555555555556,0.00711111111111111,0.292444444444444,1.47466666666667,7.65803571428571,0.858035714285714,0.901462301587302,0.05625,68964.9756218258,60732.7551542334,4381336,"wb","wb"
"Norway","NOR",2007,5,"Western",0.964809384164223,0.366568914956012,0.00195503421309873,0.364613880742913,1.65884652981427,7.95503421309873,0.925708699902248,0.945259042033236,0.0283479960899316,87670.8617980792,77205.7545984008,4709153,"wb","wb"
"Norway","NOR",2018,7,"Western",0.94366453150582,0.409430461579224,0.00501705504279402,0.40441340653643,1.6961558760845,8.00729593853677,0.910361344361272,0.927012937933546,0.0462750741908031,90064.0687974358,79313.2889434042,5311916,"wb","wb"
"New Zealand","NZL",1998,3,"Western",0.950503355704698,0.330536912751678,0.00587248322147651,0.324664429530201,1.5503355704698,7.70136518771331,0.844709897610922,0.89760662665781,0.0725255972696246,33565.7312220905,28766.2686680046,3815000,"wb","wb"
"New Zealand","NZL",2004,5,"Western",0.973544973544973,0.384126984126984,0.00105820105820106,0.383068783068783,1.71322751322751,7.89212513484358,0.891046386192017,0.932295679868495,0.0550161812297735,40091.1399487332,34358.6289046143,4087500,"wb","wb"
"New Zealand","NZL",2011,6,"Western",0.948717948717949,0.345543345543346,0.00732600732600733,0.338217338217338,1.57387057387057,7.64897466827503,0.866103739445115,0.907410844081532,0.0735826296743064,41961.9202263641,35961.911959259,4384000,"wb","wb"
"New Zealand","NZL",2020,7,"Western",0.933925049309665,0.334319526627219,0.0029585798816568,0.331360946745562,1.53057199211045,7.54536585365854,0.854634146341463,0.894279597825564,0.0780487804878049,46326.3804672976,39702.3112090418,5072400,"wb","wb"
"Pakistan","PAK",1997,3,"Asia",0.78581173260573,0.283765347885402,0.0395634379263302,0.244201909959072,1.0600272851296,NA,NA,NA,NA,3462.58145605889,1028.99804758369,142531804,"wb","wb"
"Pakistan","PAK",2001,4,"Asia",0.765957446808511,0.198581560283688,0.0263424518743668,0.172239108409321,0.876393110435664,4.85292380389841,0.279976373301831,0.522966910055171,0.0667454223272298,3559.72784658715,1057.86767778646,159270907,"wb","wb"
"Pakistan","PAK",2012,6,"Asia",0.83889816360601,0.454924874791319,0.0450751252086811,0.409849749582638,1.4974958263773,7.47833333333333,0.838333333333333,0.838615748469672,0.1025,4292.02110293486,1275.48806898966,207667125,"wb","wb"
"Pakistan","PAK",2018,7,"Asia",0.893125940792775,0.478675363773206,0.0250878073256397,0.453587556447566,1.69342699448068,7.66935483870968,0.773689516129032,0.833407728460903,0.0977822580645161,5255.06350681272,1561.68169819559,226928892,"wb","wb"
"Peru","PER",1996,3,"Latin America",0.633638634471274,0.283930058284763,0.0124895920066611,0.271440466278102,0.810158201498751,6.36188077246012,0.612930310663308,0.623284472567291,0.120067170445004,7436.18931908276,3186.90077024092,24811171,"wb","wb"
"Peru","PER",2001,4,"Latin America",0.662216288384513,0.308411214953271,0.0160213618157543,0.292389853137517,0.909212283044059,6.44026845637584,0.628859060402685,0.645537674393599,0.110738255033557,7610.63949294843,3261.6642505136,26964601,"wb","wb"
"Peru","PER",2006,5,"Latin America",0.680509042196919,0.283322170127261,0.0180843938379102,0.26523777628935,0.891493636972539,7.0248322147651,0.746308724832215,0.713408883514567,0.123489932885906,9546.62529545456,4091.36268615581,28324491,"wb","wb"
"Peru","PER",2012,6,"Latin America",0.763727121464226,0.352745424292845,0.00915141430948419,0.343594009983361,1.21464226289517,7.13432835820895,0.757048092868988,0.760387607166607,0.093698175787728,13393.5923851679,5740.04346272472,29550366,"wb","wb"
"Peru","PER",2018,7,"Latin America",0.816487455197133,0.359139784946237,0.00501792114695341,0.354121863799283,1.34121863799283,7.63467048710602,0.875358166189112,0.845922810693122,0.0508595988538682,15384.1846082423,6593.14437459526,31897584,"wb","wb"
"Philippines","PHL",1996,3,"Asia",0.925771476230192,0.402835696413678,0.0108423686405338,0.391993327773144,1.63552960800667,6.83986655546289,0.66138448707256,0.793577981651376,0.129274395329441,4631.77197705972,1752.23800104559,72190242,"wb","wb"
"Philippines","PHL",2001,4,"Asia",0.881469115191987,0.393155258764608,0.00751252086811352,0.385642737896494,1.53422370617696,6.65166666666667,0.665833333333333,0.77365122426266,0.113333333333333,4778.4008437474,1807.70892524758,81401488,"wb","wb"
"Philippines","PHL",2012,6,"Asia",0.895833333333333,0.5,0.01,0.49,1.77166666666667,7.335,0.729166666666667,0.8125,0.135833333333333,6697.55620962768,2533.74141964959,100175512,"wb","wb"
"Philippines","PHL",2019,7,"Asia",0.91326105087573,0.511259382819016,0.00834028356964137,0.502919099249375,1.83236030025021,7.36833333333333,0.761666666666667,0.837463858771198,0.119166666666667,9452.2939715981,3575.88170922922,110804683,"wb","wb"
"Poland","POL",1989,2,"Eastern Europe",0.880085653104925,0.0974304068522484,0.0107066381156317,0.0867237687366167,0.933618843683083,6.63900862068966,0.701508620689655,0.79079713689729,0.118534482758621,13623.1218654128,3031.93979286156,37961529,"imf","imf"
"Poland","POL",1997,3,"Eastern Europe",0.858515283842795,0.184279475982533,0.0253275109170306,0.158951965065502,1.03493449781659,6.42119089316988,0.61646234676007,0.737488815301432,0.115586690017513,16031.7211485265,6391.13172823376,38649660,"wb","wb"
"Poland","POL",2005,5,"Eastern Europe",0.908237747653806,0.217935349322211,0.013555787278415,0.204379562043796,1.2252346193952,7.01617795753286,0.748230535894843,0.828234141774325,0.0980788675429727,21568.9476594356,8598.57681241557,38165445,"wb","wb"
"Poland","POL",2012,6,"Eastern Europe",0.937960042060988,0.225026288117771,0.00630914826498423,0.218717139852787,1.31335436382755,7.06010362694301,0.773056994818653,0.855508518439821,0.0849740932642487,28952.9157305301,11542.2353368014,38063164,"wb","wb"
"Poland","POL",2017,7,"Eastern Europe",0.913791468003843,0.31669627520131,0.00691657741770509,0.309779697783605,1.4471423315749,7.56168404453187,0.831359803809825,0.872575635906834,0.0699560479988012,34354.5987616319,13695.6452848724,37974826,"wb","wb"
"Puerto Rico","PRI",1995,3,"Latin America",0.911130284728214,0.430543572044866,0.0103537532355479,0.420189818809318,1.66264020707506,8.0993091537133,0.855785837651123,0.883458061189668,0.0751295336787565,31310.1801642693,21936.4179114827,3683103,"wb","wb"
"Puerto Rico","PRI",2001,4,"Latin America",0.942896935933148,0.534818941504178,0.00557103064066852,0.52924791086351,1.94428969359331,8.49372384937239,0.903765690376569,0.923331313154858,0.096234309623431,39568.5528383032,27722.3671872748,3818774,"wb","wb"
"Puerto Rico","PRI",2018,7,"Latin America",0.909090909090909,0.505347593582888,0.0160427807486631,0.489304812834225,1.79679144385027,8.40463458110517,0.88680926916221,0.89795008912656,0.11319073083779,41119.3088051648,28808.8518638025,3290690,"wb","wb"
"Portugal","PRT",2020,7,"Western",0.881314820702936,0.186913105347626,0.016385099873113,0.170528005474513,1.1036856523549,7.36213130229355,0.857561312621912,0.869438066662424,0.0403720813599847,36852.2287338103,19778.7139525722,10297081,"wb","wb"
"Palestine, State of","PSE",2013,6,"Asia",0.746987951807229,0.103413654618474,0.0552208835341365,0.0481927710843373,0.590361445783133,5.62211055276382,0.544723618090452,0.645855784948841,0.206030150753769,6142.20204342591,3309.63120243098,4076708,"wb","wb"
"Qatar","QAT",2010,6,"Asia",0.981132075471698,0.563207547169811,0.00283018867924528,0.560377358490566,2.08301886792453,8.01322001888574,0.881019830028329,0.931075952750013,0.0349386213408876,132502.281828313,74271.9022959058,1616832,"wb","wb"
"Romania","ROU",1998,3,"Eastern Europe",0.570139458572601,0.051681706316653,0.0721903199343724,-0.0205086136177194,0.0992616899097621,4.85980551053485,0.388168557536467,0.479154008054534,0.211507293354943,14509.9931843509,4463.60791806212,22507344,"wb","wb"
"Romania","ROU",2005,5,"Eastern Europe",0.55700510493477,0.0731707317073171,0.074872376630743,-0.00170164492342598,0.110606920022689,5.75331724969843,0.539203860072376,0.548104482503573,0.203860072376357,20570.925514681,6328.09022324183,21319685,"wb","wb"
"Romania","ROU",2012,6,"Eastern Europe",0.679598662207358,0.131772575250836,0.0414715719063545,0.0903010033444816,0.539799331103679,6.64295302013423,0.708053691275168,0.693826176741263,0.112751677852349,26767.4556487181,8234.28553425194,20058035,"wb","wb"
"Romania","ROU",2018,7,"Eastern Europe",0.790791599353796,0.180129240710824,0.0306946688206785,0.149434571890145,0.880452342487884,7.18364073777065,0.772253408179631,0.781522503766714,0.0962309542902967,34828.8958637884,10714.1701157127,19473970,"wb","wb"
"Russia","RUS",1990,2,"Eastern Europe",0.52316384180791,0.0587570621468926,0.0384180790960452,0.0203389830508474,0.0870056497175141,5.37486910994764,0.439267015706806,0.481215428757358,0.229319371727749,29643.595703125,7849.51904296875,147969406,"wb","wb"
"Russia","RUS",1995,3,"Eastern Europe",0.511488511488511,0.0624375624375624,0.0779220779220779,-0.0154845154845155,-0.00799200799200799,4.45314823996034,0.282102131879028,0.39679532168377,0.24640555280119,18363.712890625,4862.646484375,148375787,"wb","wb"
"Russia","RUS",2006,5,"Eastern Europe",0.696143958868895,0.107969151670951,0.038560411311054,0.0694087403598972,0.531105398457584,6.14831349206349,0.599206349206349,0.647675154037622,0.146329365079365,30022.671875,7949.89697265625,143049637,"wb","wb"
"Russia","RUS",2011,6,"Eastern Europe",0.759916492693111,0.156993736951983,0.0183716075156576,0.138622129436326,0.797077244258873,6.12697768762678,0.607302231237323,0.683609361965217,0.124543610547667,34444.64453125,9120.8203125,143018195,"wb","wb"
"Russia","RUS",2017,7,"Eastern Europe",0.840250142126208,0.15349630471859,0.0130756111426947,0.140420693575895,0.961341671404207,6.54651810584958,0.684679665738162,0.762464903932185,0.0768802228412256,35570.703125,9418.99609375,145293260,"wb","wb"
"Rwanda","RWA",2007,5,"Africa",0.855622089155023,0.119095143047239,0.0239520958083832,0.0951430472388556,0.901530272787758,4.96540252827678,0.39853626081171,0.627079174983367,0.157684630738523,1573.96811218011,493.803359157317,9549933,"wb","wb"
"Rwanda","RWA",2012,6,"Africa",0.904387688277669,0.406024885396202,0.0104780615586117,0.39554682383759,1.59986902423052,6.46758349705305,0.765553372626064,0.834970530451866,0.0392927308447937,2063.66474823031,647.436613845487,10829901,"wb","wb"
"Saudi Arabia","SAU",2003,4,"Asia",0.915276851234156,0.444296197464977,0.00733822548365577,0.436957971981321,1.70446964643095,7.28179384203481,0.773092369477912,0.844184610356034,0.108433734939759,52234.649280791,20765.9387688082,18786767,"wb","wb"
"Singapore","SGP",2002,4,"Asia",0.95222295952223,0.3550099535501,0.0039814200398142,0.351028533510285,1.60650298606503,7.23809523809524,0.829365079365079,0.890794019443655,0.0727513227513227,68328.932172058,34598.8267483781,4175950,"wb","wb"
"Singapore","SGP",2012,6,"Asia",0.927484787018256,0.382352941176471,0.0050709939148073,0.377281947261663,1.60953346855984,6.97108066971081,0.839675291730086,0.883580039374171,0.0700152207001522,102061.11936105,51679.352717333,5312437,"wb","wb"
"Singapore","SGP",2020,7,"Asia",0.89198606271777,0.258835241413639,0.0104529616724739,0.248382279741165,1.28073668491787,6.98556495769039,0.792931806869089,0.842458934793429,0.0821304131408661,116684.213596572,59083.8574841572,5685807,"wb","wb"
"El Salvador","SLV",1999,3,"Latin America",0.921725239616613,0.556709265175719,0.0111821086261981,0.545527156549521,1.93450479233227,7.49552481692433,0.799023596419854,0.860374418018234,0.106590724165989,7498.46741097206,2946.4330235012,5913900,"wb","wb"
"Serbia","SRB",1996,3,"Eastern Europe",0.70695102685624,0.140600315955766,0.0458135860979463,0.0947867298578199,0.60347551342812,5.56126482213439,0.479051383399209,0.593001205127725,0.221343873517787,10035.0139750021,3200.76825835814,7622185,"wb","wb"
"Serbia","SRB",2001,4,"Eastern Europe",0.749362786745964,0.122344944774851,0.038232795242141,0.0841121495327103,0.666949872557349,5.62216624685139,0.487825356842989,0.618594071794477,0.214945424013434,11879.1763909711,3788.98233947399,7503433,"wb","wb"
"Serbia","SRB",2006,5,"Eastern Europe",0.638351555929352,0.104289318755257,0.0529857022708158,0.0513036164844407,0.379310344827586,6.00936170212766,0.62468085106383,0.631516203496591,0.142127659574468,15727.4033683685,5016.41289322251,7411569,"wb","wb"
"Serbia","SRB",2017,7,"Eastern Europe",0.803262955854127,0.168905950095969,0.0163147792706334,0.152591170825336,0.911708253358925,6.70406189555126,0.700193423597679,0.751728189725903,0.132495164410058,19438.9917129776,6200.26118592152,7020858,"wb","wb"
"Serbia","SRB",2018,7,"Eastern Europe",0.803075214993364,0.152790201265727,0.01319260807801,0.139597593187717,0.885345616362162,6.69985500866101,0.695188385494145,0.749131800243754,0.167759751611033,20454.225884367,6524.08029755191,6982604,"wb","wb"
"Slovakia","SVK",1990,2,"Eastern Europe",0.520430107526882,0.0387096774193548,0.0516129032258065,-0.0129032258064516,0.0150537634408602,6.1511879049676,0.58963282937365,0.555031468450266,0.110151187904968,17521.025057579,8597.46391527645,5299187,"wb","wb"
"Slovakia","SVK",1998,3,"Eastern Europe",0.71875,0.0661764705882353,0.0367647058823529,0.0294117647058824,0.496323529411765,6.06678865507777,0.590118938700823,0.654434469350412,0.149130832570906,18272.5224455534,8966.21926231252,5390516,"wb","wb"
"Slovakia","SVK",2017,7,"Eastern Europe",0.900988424856902,0.195713420262454,0.00937575361428868,0.186337666648165,1.17465218301013,7.30811439591112,0.811512559309482,0.856250492083192,0.0742907001781137,35042.7858925618,17195.2888721963,5439232,"wb","wb"
"Slovakia","SVK",2022,7,"Eastern Europe",0.67056856187291,0.0752508361204013,0.0501672240802676,0.0250836120401338,0.391304347826087,6.78,0.764166666666667,0.717367614269788,0.146666666666667,38648.9855746919,18964.8298400624,5431752,"wb","wb"
"Slovenia","SVN",1995,3,"Eastern Europe",0.744488977955912,0.135270541082164,0.0280561122244489,0.107214428857715,0.703406813627254,6.463,0.65,0.697244488977956,0.077,24722.6569167591,13278.7428559643,1989872,"wb","wb"
"Slovenia","SVN",2005,5,"Eastern Europe",0.810176125244618,0.181017612524462,0.0244618395303327,0.156555772994129,0.933463796477495,7.24394966118103,0.780251694094869,0.795213909669744,0.0580832526621491,35565.0427189638,19102.2776603905,2000474,"wb","wb"
"Slovenia","SVN",2011,6,"Eastern Europe",0.838831291234684,0.196041470311027,0.0179076343072573,0.17813383600377,1.03393025447691,7.35155513666352,0.808671065032988,0.823751178133836,0.0725730442978322,38233.2905622851,20535.4155754108,2052843,"wb","wb"
"Slovenia","SVN",2017,7,"Eastern Europe",0.836704645801194,0.209920443132231,0.00585763326795692,0.204062809864274,1.08153491133094,7.67241830432672,0.875242781249258,0.855973713525226,0.0423717091924163,41700.651085028,22397.7634988337,2066388,"wb","wb"
"Sweden","SWE",1996,3,"Western",0.950852557673019,0.397191574724172,0.00802407221664995,0.389167502507523,1.68004012036108,7.77259185700099,0.87090367428004,0.910878115976529,0.0605759682224429,41008.3531746727,35605.4537507466,8840998,"wb","wb"
"Sweden","SWE",2006,5,"Western",0.961038961038961,0.425574425574426,0.004995004995005,0.420579420579421,1.76323676323676,7.72155688622755,0.905189620758483,0.933114290898722,0.0479041916167665,55373.9338115393,48078.3520110084,9080505,"wb","wb"
"Sweden","SWE",2011,6,"Western",0.952618453865337,0.41978387364921,0.00332502078137988,0.41645885286783,1.73815461346633,7.62043189368771,0.880398671096346,0.916508562480841,0.0514950166112957,56846.1368290625,49356.5905257047,9449213,"wb","wb"
"Sweden","SWE",2017,7,"Western",0.938569592259249,0.394135969030432,0.00582846339027683,0.388307505640155,1.65375419579881,7.64268820521389,0.894444363460494,0.916506977859872,0.0636772854987116,59769.0136237,51894.3748177808,10057698,"wb","wb"
"Thailand","THA",2007,5,"Asia",0.926797385620915,0.403267973856209,0.00588235294117647,0.397385620915033,1.6483660130719,7.21279373368146,0.837467362924282,0.882132374272599,0.0731070496083551,15744.3652449147,4760.66708464831,67102394,"wb","wb"
"Thailand","THA",2013,6,"Asia",0.930833333333333,0.3975,0.0158333333333333,0.381666666666667,1.625,7.56605351170569,0.82943143812709,0.880132385730212,0.0434782608695652,18244.4071505088,5516.61164164135,69845114,"wb","wb"
"Thailand","THA",2018,7,"Asia",0.838688085676037,0.325301204819277,0.00937081659973226,0.315930388219545,1.30923694779116,6.59732441471572,0.674247491638796,0.756467788657417,0.082943143812709,20882.1707419576,6314.19948412043,71376079,"wb","wb"
"Tajikistan","TJK",2020,7,"Asia",0.944166666666667,0.624166666666667,0.0025,0.621666666666667,2.13166666666667,7.94916666666667,0.883333333333333,0.91375,0.035,3724.7489591466,1171.90127480359,9749310,"wb","wb"
"Trinidad and Tobago","TTO",2006,5,"Latin America",0.855289421157685,0.50499001996008,0.0189620758483034,0.486027944111776,1.68263473053892,7.26026026026026,0.794794794794795,0.82504210797624,0.0850850850850851,33348.7507470886,17021.2241679562,1297944,"wb","wb"
"Trinidad and Tobago","TTO",2010,6,"Latin America",0.87987987987988,0.541541541541542,0.00900900900900901,0.532532532532533,1.82482482482482,7.46593186372746,0.802605210420842,0.841242545150361,0.0771543086172345,35145.1253639062,17938.0949459463,1317714,"wb","wb"
"Tunisia","TUN",2013,6,"Africa",0.794509151414309,0.167221297836938,0.0474209650582363,0.119800332778702,0.828618968386023,5.58263772954925,0.506677796327212,0.650593473870761,0.212020033388982,12587.9950645596,3947.58763533174,11141361,"wb","wb"
"Tunisia","TUN",2019,7,"Africa",0.766998341625207,0.153399668325041,0.0339966832504146,0.119402985074627,0.772802653399668,5.52195526097763,0.484672742336371,0.625835541980789,0.207125103562552,13243.9024233246,4153.27978615515,11875081,"wb","wb"
"Turkey","TUR",1990,2,"Western",0.813840155945419,0.294346978557505,0.0311890838206628,0.263157894736842,1.15399610136452,6.40506329113924,0.595910418695229,0.704875287320324,0.112950340798442,12184.1995945303,5188.18244439241,56015628,"wb","wb"
"Turkey","TUR",1996,3,"Western",0.899212598425197,0.491338582677165,0.0230971128608924,0.468241469816273,1.73490813648294,6.17894736842105,0.538421052631579,0.718816825528388,0.135263157894737,13826.9201097072,5887.67309798528,61951134,"wb","wb"
"Turkey","TUR",2001,4,"Western",0.765882352941176,0.334117647058824,0.0861764705882353,0.247941176470588,1.02764705882353,5.80029411764706,0.510882352941176,0.638382352941177,0.196470588235294,13872.1287284566,5906.92348536699,66245128,"wb","wb"
"Turkey","TUR",2007,5,"Western",0.857992565055762,0.374721189591078,0.0453531598513011,0.329368029739777,1.37472118959108,7.4554234769688,0.838038632986627,0.848015599021195,0.104754829123328,19909.083519675,8477.53328393352,70158112,"wb","wb"
"Turkey","TUR",2011,6,"Western",0.844806007509387,0.378598247809762,0.0387984981226533,0.339799749687109,1.36921151439299,7.27232979387883,0.820112429731418,0.832459218620402,0.0949406620861961,21760.4291923634,9265.85910238578,74223629,"wb","wb"
"Turkey","TUR",2018,7,"Western",0.852928957208143,0.223514748649771,0.0199418363107603,0.203572912339011,1.11300373909431,6.51808731808732,0.710602910602911,0.781765933905527,0.0623700623700624,28780.3036458151,12255.0082146169,81407204,"wb","wb"
"Taiwan","TWN",1998,3,"Asia",0.911082474226804,0.298969072164948,0.0154639175257732,0.283505154639175,1.38917525773196,6.56041131105398,0.714652956298201,0.812867715262502,0.0681233933161954,27774.5383701078,17729.7651475866,21929000,"imf","imf"
"Taiwan","TWN",2006,5,"Asia",0.856560717196414,0.229828850855746,0.032599837000815,0.197229013854931,1.10757946210269,6.66259168704156,0.729421352893236,0.792991035044825,0.071719641401793,39087.3926086822,19590.1759585367,22877000,"imf","imf"
"Taiwan","TWN",2012,6,"Asia",0.906199021207178,0.276508972267537,0.0122349102773246,0.264274061990212,1.34094616639478,6.88569078947368,0.758223684210526,0.832211352708852,0.0978618421052632,47366.1418963946,22186.5818493197,23316000,"imf","imf"
"Taiwan","TWN",2019,7,"Asia",0.902698282910875,0.253475061324612,0.0163532297628782,0.237121831561733,1.27964022894522,7.06868356500409,0.78659035159444,0.844644317252657,0.0866721177432543,55488.5971451196,24203.4561144354,23603000,"imf","imf"
"Tanzania","TZA",2001,4,"Africa",0.945359930615785,0.570685169124024,0.0121422376409367,0.558542931483088,2.00780572419775,3.86637554585153,0.238427947598253,0.591893939107019,0.482096069868996,1899.74536132813,573.400146484375,35198299,"wb","wb"
"Uganda","UGA",2001,4,"Africa",0.777222777222777,0.24975024975025,0.020979020979021,0.228771228771229,1.01198801198801,5.65069860279441,0.486027944111776,0.631625360667277,0.189620758483034,1516.96423755695,519.456547890884,24745676,"wb","wb"
"Ukraine","UKR",1996,3,"Eastern Europe",0.482242990654206,0.0519626168224299,0.0882242990654206,-0.0362616822429906,-0.10803738317757,3.95279130760584,0.204945672536531,0.343594331595368,0.293742974896965,9969.5009765625,1355.57336425781,51226109,"wb","wb"
"Ukraine","UKR",2006,5,"Eastern Europe",0.786666666666667,0.115897435897436,0.0358974358974359,0.08,0.733333333333333,5.80823293172691,0.577309236947791,0.681987951807229,0.193775100401606,16901.5078125,2298.13232421875,47278694,"wb","wb"
"Ukraine","UKR",2011,6,"Eastern Europe",0.713183730715288,0.170406732117812,0.0490883590462833,0.121318373071529,0.669004207573633,5.89866666666667,0.572666666666667,0.642925198690977,0.192666666666667,17783.95703125,2418.12084960938,46307853,"wb","wb"
"Ukraine","UKR",2020,7,"Eastern Europe",0.80591054313099,0.185303514376997,0.0255591054313099,0.159744408945687,0.931309904153355,6.09651898734177,0.623417721518987,0.714664132324989,0.10996835443038,17092.5390625,2324.107421875,44680014,"wb","wb"
"Uruguay","URY",1996,3,"Latin America",0.81029263370333,0.212916246215943,0.0211907164480323,0.191725529767911,1.00403632694248,7.13453815261044,0.746987951807229,0.778640292755279,0.122489959839357,17433.6866851628,10316.2027570949,3206324,"wb","wb"
"Uruguay","URY",2006,5,"Latin America",0.863316582914573,0.304522613065327,0.0170854271356784,0.287437185929648,1.30150753768844,7.45820745216516,0.871097683786506,0.867207133350539,0.0523665659617321,19560.0743506382,11574.470540231,3289506,"wb","wb"
"Uruguay","URY",2011,6,"Latin America",0.864321608040201,0.343718592964824,0.021105527638191,0.322613065326633,1.37386934673367,7.60040363269425,0.867810292633703,0.866065950336952,0.0645812310797175,26099.3116487704,15443.9961926395,3326825,"wb","wb"
"Uruguay","URY",2022,7,"Latin America",0.916155419222904,0.43558282208589,0.0153374233128834,0.420245398773006,1.67280163599182,8.12812812812813,0.901901901901902,0.909028660562403,0.037037037037037,30840.0709827676,18249.2912168828,3390913,"wb","wb"
"United States","USA",1995,3,"Western",0.936197916666667,0.466796875,0.005859375,0.4609375,1.79427083333333,7.66623207301173,0.846805736636245,0.891501826651456,0.0717079530638853,47227.0083257008,41710.8207256668,266278000,"wb","wb"
"United States","USA",1999,4,"Western",0.940436241610738,0.395134228187919,0.00419463087248322,0.390939597315436,1.66275167785235,7.66333333333333,0.870833333333333,0.905634787472036,0.0575,53480.8969962416,47234.2455290381,279040000,"wb","wb"
"United States","USA",2006,5,"Western",0.928685897435897,0.351762820512821,0.00400641025641026,0.34775641025641,1.55288461538462,7.26188557614827,0.842062852538276,0.885374374987086,0.0846091861402095,60684.3399832539,53596.315236412,298379912,"wb","wb"
"United States","USA",2011,6,"Western",0.910810810810811,0.361711711711712,0.00945945945945946,0.352252252252252,1.52612612612613,7.4413357400722,0.847021660649819,0.878916235730315,0.0861913357400722,60253.2035796719,53215.5362314388,311839461,"wb","wb"
"United States","USA",2017,7,"Western",0.874806800618238,0.255795981452859,0.0127511591962906,0.243044822256569,1.23570324574961,7.22222222222222,0.814169570267131,0.844488185442685,0.0944638017808749,66164.0320014289,58435.9707535619,326608609,"wb","wb"
"Uzbekistan","UZB",2011,6,"Asia",0.965170797052914,0.648359008707301,0.00200937709310114,0.6463496316142,2.22304085733423,7.8881446751507,0.894172806430007,0.92967180174146,0.0448760884125921,6170.84149747534,2512.68783806993,28823196,"wb","wb"
"Uzbekistan","UZB",2022,7,"Asia",0.952807160292921,0.519121236777868,0,0.519121236777868,1.94385679414158,6.96066433566434,0.694055944055944,0.823431552174433,0.143356643356643,10091.3877869999,4109.08421031655,34938955,"wb","wb"
"Venezuela","VEN",1996,3,"Latin America",0.934453781512605,0.548739495798319,0.00672268907563025,0.542016806722689,1.95294117647059,6.72283066554339,0.664700926705981,0.799577354109293,0.227464195450716,18629.2983232097,3881.59743994053,22662113,"imf","wb"
"Venezuela","VEN",2000,4,"Latin America",0.863333333333333,0.568333333333333,0.0075,0.560833333333333,1.84833333333333,7.51752921535893,0.784641068447412,0.823987200890373,0.121869782971619,17644.87691864,3732.15152475602,24526708,"imf","wb"
"Venezuela","VEN",2021,7,"Latin America",0.789915966386555,0.372268907563025,0.0336134453781513,0.338655462184874,1.25714285714286,7.01680672268908,0.740336134453782,0.765126050420168,0.13781512605042,6135.44718849626,1272.94397516527,28237826,"imf","wb"
"Vietnam","VNM",2001,4,"Asia",0.924165824064712,0.491405460060667,0.00606673407482305,0.485338725985844,1.81900910010111,6.51713709677419,0.638104838709677,0.781135331387195,0.0514112903225806,4570.26846577385,1273.8052690094,77969361,"wb","wb"
"Vietnam","VNM",2006,5,"Asia",0.923700202565834,0.227548953409858,0.00472653612424038,0.222822417285618,1.2930452397029,7.0944669365722,0.810391363022942,0.867045782794388,0.0796221322537112,6098.24495436514,1699.67620343393,82167897,"wb","wb"
"Vietnam","VNM",2020,7,"Asia",0.973333333333333,0.479166666666667,0.005,0.474166666666667,1.895,8.02583333333333,0.934166666666667,0.95375,0.0133333333333333,11851.3965685649,3303.16949807493,98079191,"wb","wb"
"Yemen","YEM",2014,6,"Asia",0.721,0.179,0.035,0.144,0.73,5.88730964467005,0.527918781725888,0.624459390862944,0.219289340101523,2598.21934015485,1950.1625450589,30226309,"imf","wb"
"South Africa","ZAF",1982,1,"Africa",0.819284802043423,0.271392081736909,0.0434227330779055,0.227969348659004,1.09450830140485,6.78640153944836,0.713277742142399,0.766281272092911,0.163566388710712,12588.6973818073,5291.38261097586,31615339,"growth","wb"
"South Africa","ZAF",1990,2,"Africa",0.756547399483585,0.271855403909996,0.0608631501291036,0.210992253780893,0.935079306528956,6.72440652818991,0.695474777448071,0.726011088465828,0.201780415430267,10811.1515328296,4544.23023212165,40746268,"wb","wb"
"South Africa","ZAF",1996,3,"Africa",0.785445848992142,0.413392552101127,0.0433891356337547,0.370003416467373,1.31089853091903,6.0830201571575,0.564400409976085,0.674923129484113,0.193372053296891,10623.8603593151,4465.50649854807,45123018,"wb","wb"
"South Africa","ZAF",2001,4,"Africa",0.820367278797997,0.430717863105175,0.0330550918196995,0.397662771285476,1.43606010016694,6.31318864774624,0.601335559265442,0.71085141903172,0.174958263772955,11387.492366782,4786.482450463,47566800,"wb","wb"
"South Africa","ZAF",2006,5,"Africa",0.808932169241101,0.476494291470786,0.0530557421087978,0.423438549361988,1.46474143720618,7.20053745381256,0.776284850520658,0.79260850988088,0.137386630836413,13444.2332126058,5650.9883176549,49998277,"wb","wb"
"South Africa","ZAF",2013,6,"Africa",0.776925262858767,0.40181869849389,0.052003410059676,0.349815288434214,1.25348110258596,6.67821641579097,0.717125816529395,0.747025539694081,0.165293950582221,14681.096638957,6170.87670863373,54678791,"wb","wb"
"Zambia","ZMB",2007,5,"Africa",0.577181208053691,0.198359433258762,0,0.198359433258762,0.551081282624907,6.05878332194122,0.613123718386876,0.595152463220284,0.169514695830485,2796.3529332184,1013.08567432637,12565085,"wb","wb"
"Zimbabwe","ZWE",2001,4,"Africa",0.565,0.196,0.09,0.106,0.342,3.945,0.263,0.414,0.411,6217.43872434863,1690.14666163116,11971901,"wb","wb"
"Zimbabwe","ZWE",2012,6,"Africa",0.821333333333333,0.425333333333333,0.0233333333333333,0.402,1.44666666666667,6.04133333333333,0.572666666666667,0.697,0.123333333333333,5003.50873397069,1360.15230034275,13817887,"wb","wb"
"Zimbabwe","ZWE",2020,7,"Africa",0.519769357495881,0.177100494233937,0.160626029654036,0.0164744645799011,0.0724876441515651,4.9505766062603,0.387973640856672,0.453871499176277,0.322075782537068,4527.73949219254,1230.81933361016,15526888,"wb","wb"
